nodeID,newID,nodeType,nodeValue
35,1,Genetic_Algorithms,20
40,2,Genetic_Algorithms,17
114,3,Reinforcement_Learning,22
117,4,Reinforcement_Learning,21
128,5,Reinforcement_Learning,23
130,6,Reinforcement_Learning,13
164,7,Theory,19
288,8,Reinforcement_Learning,19
424,9,Rule_Learning,5
434,10,Reinforcement_Learning,18
463,11,Case_Based,7
504,12,Probabilistic_Methods,21
506,13,Probabilistic_Methods,21
887,14,Genetic_Algorithms,18
906,15,Neural_Networks,19
910,16,Neural_Networks,23
936,17,Case_Based,3
940,18,Case_Based,18
941,19,Case_Based,15
943,20,Case_Based,17
1026,21,Genetic_Algorithms,22
1033,22,Genetic_Algorithms,15
1034,23,Genetic_Algorithms,17
1035,24,Reinforcement_Learning,11
1213,25,Rule_Learning,4
1237,26,Neural_Networks,18
1246,27,Reinforcement_Learning,23
1272,28,Theory,17
1365,29,Neural_Networks,16
1385,30,Neural_Networks,22
1481,31,Case_Based,23
1688,32,Genetic_Algorithms,25
1694,33,Genetic_Algorithms,22
1717,34,Probabilistic_Methods,20
1786,35,Rule_Learning,21
1817,36,Genetic_Algorithms,26
1919,37,Probabilistic_Methods,23
1949,38,Case_Based,24
1951,39,Case_Based,5
1952,40,Case_Based,20
1953,41,Case_Based,19
1955,42,Case_Based,23
1956,43,Case_Based,3
1959,44,Case_Based,24
1997,45,Probabilistic_Methods,24
1999,46,Theory,21
2354,47,Theory,8
2440,48,Rule_Learning,16
2653,49,Theory,18
2654,50,Theory,20
2658,51,Neural_Networks,23
2663,52,Neural_Networks,20
2665,53,Neural_Networks,22
2695,54,Neural_Networks,6
2696,55,Neural_Networks,19
2698,56,Neural_Networks,7
2702,57,Neural_Networks,22
3084,58,Case_Based,25
3085,59,Case_Based,22
3095,60,Case_Based,24
3097,61,Case_Based,22
3101,62,Case_Based,21
3112,63,Case_Based,24
3187,64,Probabilistic_Methods,18
3191,65,Probabilistic_Methods,23
3192,66,Probabilistic_Methods,7
3217,67,Theory,19
3218,68,Rule_Learning,18
3220,69,Neural_Networks,24
3222,70,Case_Based,17
3223,71,Theory,23
3229,72,Neural_Networks,22
3231,73,Theory,19
3232,74,Theory,22
3233,75,Probabilistic_Methods,19
3235,76,Probabilistic_Methods,5
3236,77,Theory,21
3237,78,Probabilistic_Methods,19
3240,79,Theory,22
3243,80,Theory,22
3828,81,Case_Based,22
3932,82,Case_Based,23
4274,83,Case_Based,15
4329,84,Probabilistic_Methods,17
4330,85,Probabilistic_Methods,16
4335,86,Probabilistic_Methods,12
4553,87,Rule_Learning,15
4584,88,Reinforcement_Learning,18
4637,89,Theory,24
4649,90,Rule_Learning,20
4660,91,Theory,21
4804,92,Theory,18
4878,93,Case_Based,22
4983,94,Genetic_Algorithms,7
5038,95,Theory,21
5055,96,Theory,5
5062,97,Case_Based,25
5064,98,Case_Based,11
5069,99,Case_Based,23
5075,100,Case_Based,21
5086,101,Probabilistic_Methods,25
5194,102,Neural_Networks,21
5348,103,Neural_Networks,17
5454,104,Neural_Networks,23
5462,105,Neural_Networks,23
5600,106,Case_Based,19
5869,107,Neural_Networks,23
5959,108,Case_Based,17
5966,109,Genetic_Algorithms,23
6125,110,Theory,18
6130,111,Neural_Networks,4
6151,112,Reinforcement_Learning,23
6152,113,Reinforcement_Learning,21
6155,114,Reinforcement_Learning,23
6163,115,Reinforcement_Learning,1
6169,116,Reinforcement_Learning,20
6170,117,Reinforcement_Learning,24
6184,118,Reinforcement_Learning,5
6196,119,Reinforcement_Learning,18
6209,120,Reinforcement_Learning,26
6210,121,Reinforcement_Learning,23
6213,122,Reinforcement_Learning,24
6214,123,Reinforcement_Learning,20
6215,124,Reinforcement_Learning,21
6216,125,Reinforcement_Learning,18
6217,126,Reinforcement_Learning,24
6220,127,Reinforcement_Learning,22
6224,128,Reinforcement_Learning,24
6238,129,Theory,17
6311,130,Theory,6
6318,131,Case_Based,25
6334,132,Case_Based,19
6343,133,Case_Based,6
6344,134,Case_Based,25
6346,135,Case_Based,21
6378,136,Reinforcement_Learning,23
6385,137,Reinforcement_Learning,24
6539,138,Theory,17
6639,139,Rule_Learning,23
6741,140,Theory,22
6767,141,Case_Based,24
6771,142,Theory,21
6775,143,Neural_Networks,21
6782,144,Theory,15
6784,145,Neural_Networks,6
6786,146,Probabilistic_Methods,16
6814,147,Probabilistic_Methods,19
6818,148,Probabilistic_Methods,20
6898,149,Neural_Networks,16
6910,150,Neural_Networks,18
6913,151,Probabilistic_Methods,15
6917,152,Rule_Learning,19
6923,153,Rule_Learning,14
6925,154,Neural_Networks,24
6935,155,Rule_Learning,20
6939,156,Rule_Learning,10
6941,157,Rule_Learning,25
7022,158,Neural_Networks,18
7032,159,Probabilistic_Methods,19
7041,160,Neural_Networks,14
7047,161,Reinforcement_Learning,6
7272,162,Neural_Networks,24
7276,163,Neural_Networks,21
7296,164,Neural_Networks,20
7297,165,Neural_Networks,19
7419,166,Reinforcement_Learning,24
7430,167,Reinforcement_Learning,12
7432,168,Reinforcement_Learning,20
7532,169,Neural_Networks,18
7537,170,Neural_Networks,23
7867,171,Case_Based,26
8079,172,Theory,4
8213,173,Reinforcement_Learning,24
8224,174,Theory,26
8581,175,Neural_Networks,24
8591,176,Rule_Learning,22
8594,177,Rule_Learning,21
8617,178,Neural_Networks,20
8619,179,Neural_Networks,19
8687,180,Rule_Learning,18
8696,181,Theory,18
8699,182,Theory,20
8703,183,Rule_Learning,18
8766,184,Rule_Learning,21
8821,185,Case_Based,20
8832,186,Case_Based,18
8865,187,Genetic_Algorithms,23
8872,188,Reinforcement_Learning,16
8874,189,Genetic_Algorithms,2
8875,190,Genetic_Algorithms,24
8961,191,Reinforcement_Learning,5
9513,192,Theory,18
9515,193,Theory,22
9559,194,Rule_Learning,19
9581,195,Probabilistic_Methods,15
9586,196,Genetic_Algorithms,20
9708,197,Case_Based,19
9716,198,Theory,19
10169,199,Theory,22
10174,200,Theory,11
10177,201,Theory,24
10183,202,Case_Based,18
10186,203,Theory,15
10430,204,Case_Based,5
10435,205,Case_Based,17
10531,206,Neural_Networks,6
10793,207,Theory,11
10796,208,Case_Based,18
10798,209,Case_Based,20
10981,210,Neural_Networks,17
11093,211,Probabilistic_Methods,24
11148,212,Rule_Learning,6
11325,213,Rule_Learning,22
11326,214,Theory,21
11335,215,Rule_Learning,19
11337,216,Theory,21
11339,217,Theory,23
11342,218,Theory,19
12155,219,Theory,19
12158,220,Theory,18
12165,221,Theory,24
12169,222,Theory,23
12182,223,Theory,20
12194,224,Theory,22
12195,225,Theory,22
12197,226,Theory,24
12198,227,Theory,17
12199,228,Theory,20
12210,229,Theory,16
12211,230,Theory,6
12238,231,Theory,19
12247,232,Theory,19
12275,233,Neural_Networks,23
12330,234,Neural_Networks,18
12337,235,Neural_Networks,24
12347,236,Neural_Networks,22
12350,237,Theory,23
12359,238,Neural_Networks,20
12439,239,Neural_Networks,12
12558,240,Genetic_Algorithms,21
12576,241,Genetic_Algorithms,23
12631,242,Neural_Networks,16
12638,243,Neural_Networks,27
12946,244,Probabilistic_Methods,8
12960,245,Theory,21
13024,246,Rule_Learning,23
13136,247,Neural_Networks,20
13193,248,Reinforcement_Learning,21
13195,249,Reinforcement_Learning,21
13205,250,Reinforcement_Learning,23
13208,251,Reinforcement_Learning,20
13212,252,Neural_Networks,21
13213,253,Reinforcement_Learning,17
13269,254,Probabilistic_Methods,23
13652,255,Neural_Networks,18
13654,256,Neural_Networks,20
13656,257,Neural_Networks,16
13658,258,Neural_Networks,18
13686,259,Neural_Networks,19
13717,260,Rule_Learning,17
13885,261,Neural_Networks,24
13917,262,Reinforcement_Learning,8
13960,263,Reinforcement_Learning,19
13966,264,Reinforcement_Learning,22
13972,265,Reinforcement_Learning,18
13982,266,Theory,17
14062,267,Genetic_Algorithms,21
14083,268,Neural_Networks,23
14090,269,Probabilistic_Methods,19
14428,270,Probabilistic_Methods,17
14429,271,Probabilistic_Methods,19
14430,272,Probabilistic_Methods,25
14431,273,Probabilistic_Methods,20
14529,274,Case_Based,21
14531,275,Case_Based,6
14545,276,Neural_Networks,16
14549,277,Theory,18
14807,278,Theory,21
15076,279,Neural_Networks,8
15429,280,Theory,21
15431,281,Theory,7
15670,282,Genetic_Algorithms,19
15889,283,Case_Based,4
15892,284,Case_Based,18
15984,285,Probabilistic_Methods,24
15987,286,Probabilistic_Methods,19
16008,287,Probabilistic_Methods,20
16437,288,Neural_Networks,20
16451,289,Neural_Networks,17
16461,290,Neural_Networks,3
16470,291,Neural_Networks,20
16471,292,Neural_Networks,23
16474,293,Neural_Networks,24
16476,294,Neural_Networks,20
16485,295,Neural_Networks,21
16819,296,Probabilistic_Methods,2
16843,297,Probabilistic_Methods,19
17201,298,Reinforcement_Learning,22
17208,299,Reinforcement_Learning,24
17242,300,Probabilistic_Methods,15
17363,301,Neural_Networks,23
17476,302,Reinforcement_Learning,5
17477,303,Genetic_Algorithms,21
17488,304,Reinforcement_Learning,21
17798,305,Case_Based,21
17811,306,Genetic_Algorithms,19
17821,307,Reinforcement_Learning,21
18251,308,Case_Based,22
18313,309,Reinforcement_Learning,18
18532,310,Neural_Networks,20
18536,311,Neural_Networks,16
18582,312,Genetic_Algorithms,14
18615,313,Rule_Learning,3
18619,314,Theory,17
18770,315,Probabilistic_Methods,18
18773,316,Probabilistic_Methods,26
18774,317,Probabilistic_Methods,22
18777,318,Probabilistic_Methods,20
18781,319,Theory,19
18785,320,Probabilistic_Methods,21
18811,321,Probabilistic_Methods,26
18812,322,Probabilistic_Methods,22
18815,323,Case_Based,20
18832,324,Reinforcement_Learning,25
18833,325,Reinforcement_Learning,20
18834,326,Reinforcement_Learning,18
19045,327,Genetic_Algorithms,24
19231,328,Theory,13
19621,329,Neural_Networks,23
19697,330,Neural_Networks,22
20178,331,Case_Based,8
20179,332,Case_Based,25
20180,333,Case_Based,19
20193,334,Case_Based,22
20526,335,Reinforcement_Learning,16
20528,336,Case_Based,20
20534,337,Reinforcement_Learning,16
20584,338,Neural_Networks,22
20592,339,Neural_Networks,7
20593,340,Neural_Networks,21
20601,341,Theory,16
20602,342,Theory,20
20821,343,Rule_Learning,20
20833,344,Case_Based,4
20850,345,Theory,9
20857,346,Rule_Learning,23
20920,347,Probabilistic_Methods,6
20923,348,Probabilistic_Methods,6
20924,349,Probabilistic_Methods,20
20942,350,Theory,13
20972,351,Reinforcement_Learning,23
22229,352,Genetic_Algorithms,17
22241,353,Genetic_Algorithms,23
22386,354,Case_Based,22
22431,355,Rule_Learning,22
22563,356,Neural_Networks,20
22564,357,Case_Based,15
22566,358,Case_Based,19
22835,359,Neural_Networks,17
22869,360,Case_Based,25
22874,361,Case_Based,19
22875,362,Case_Based,21
22876,363,Case_Based,18
22883,364,Theory,19
22886,365,Case_Based,13
23069,366,Probabilistic_Methods,20
23070,367,Probabilistic_Methods,16
23116,368,Theory,20
23258,369,Reinforcement_Learning,21
23448,370,Neural_Networks,19
23502,371,Neural_Networks,20
23507,372,Neural_Networks,23
23545,373,Theory,23
23546,374,Rule_Learning,23
23738,375,Theory,22
23774,376,Reinforcement_Learning,20
24043,377,Neural_Networks,22
24476,378,Probabilistic_Methods,20
24530,379,Reinforcement_Learning,21
24966,380,Theory,23
24974,381,Neural_Networks,19
25181,382,Neural_Networks,25
25184,383,Neural_Networks,14
25413,384,Rule_Learning,27
25702,385,Neural_Networks,5
25772,386,Neural_Networks,24
25791,387,Neural_Networks,23
25794,388,Neural_Networks,19
25805,389,Theory,5
26850,390,Neural_Networks,20
27174,391,Neural_Networks,3
27199,392,Theory,18
27203,393,Theory,6
27230,394,Rule_Learning,23
27241,395,Theory,22
27243,396,Theory,16
27246,397,Neural_Networks,20
27249,398,Theory,14
27250,399,Theory,17
27510,400,Theory,23
27514,401,Neural_Networks,6
27530,402,Neural_Networks,24
27531,403,Neural_Networks,24
27535,404,Probabilistic_Methods,23
27543,405,Neural_Networks,23
27606,406,Theory,9
27612,407,Theory,22
27623,408,Neural_Networks,19
27627,409,Theory,25
27631,410,Case_Based,18
27632,411,Reinforcement_Learning,18
27895,412,Theory,23
28026,413,Case_Based,19
28202,414,Reinforcement_Learning,17
28227,415,Reinforcement_Learning,20
28230,416,Probabilistic_Methods,10
28249,417,Reinforcement_Learning,26
28254,418,Neural_Networks,21
28265,419,Case_Based,20
28267,420,Case_Based,17
28278,421,Reinforcement_Learning,7
28287,422,Reinforcement_Learning,17
28290,423,Reinforcement_Learning,25
28336,424,Genetic_Algorithms,19
28350,425,Reinforcement_Learning,18
28359,426,Reinforcement_Learning,15
28385,427,Reinforcement_Learning,20
28387,428,Reinforcement_Learning,4
28389,429,Reinforcement_Learning,15
28412,430,Reinforcement_Learning,22
28447,431,Case_Based,22
28456,432,Theory,22
28471,433,Reinforcement_Learning,19
28473,434,Reinforcement_Learning,11
28485,435,Reinforcement_Learning,21
28487,436,Reinforcement_Learning,22
28489,437,Reinforcement_Learning,23
28491,438,Reinforcement_Learning,18
28504,439,Reinforcement_Learning,16
28542,440,Reinforcement_Learning,8
28632,441,Theory,15
28640,442,Theory,19
28641,443,Theory,19
28649,444,Theory,18
28674,445,Theory,21
28851,446,Genetic_Algorithms,23
28957,447,Probabilistic_Methods,16
28964,448,Probabilistic_Methods,24
29492,449,Neural_Networks,25
29708,450,Neural_Networks,18
29723,451,Probabilistic_Methods,23
29738,452,Probabilistic_Methods,20
30817,453,Neural_Networks,15
30895,454,Theory,23
30901,455,Theory,24
30934,456,Theory,17
30973,457,Neural_Networks,23
31043,458,Neural_Networks,18
31055,459,Neural_Networks,18
31083,460,Theory,20
31097,461,Case_Based,20
31105,462,Neural_Networks,23
31336,463,Neural_Networks,10
31349,464,Neural_Networks,20
31353,465,Neural_Networks,20
31479,466,Probabilistic_Methods,18
31483,467,Probabilistic_Methods,19
31489,468,Probabilistic_Methods,21
31769,469,Neural_Networks,22
31863,470,Probabilistic_Methods,17
31927,471,Neural_Networks,14
31932,472,Neural_Networks,21
32083,473,Neural_Networks,23
32260,474,Theory,22
32276,475,Theory,17
32688,476,Neural_Networks,16
32698,477,Probabilistic_Methods,19
32872,478,Reinforcement_Learning,22
33013,479,Reinforcement_Learning,21
33231,480,Probabilistic_Methods,9
33301,481,Case_Based,4
33303,482,Case_Based,13
33325,483,Theory,21
33412,484,Neural_Networks,18
33818,485,Neural_Networks,22
33823,486,Neural_Networks,24
33895,487,Genetic_Algorithms,15
33904,488,Genetic_Algorithms,3
33907,489,Genetic_Algorithms,18
34082,490,Probabilistic_Methods,21
34257,491,Neural_Networks,25
34263,492,Neural_Networks,18
34266,493,Neural_Networks,24
34315,494,Neural_Networks,5
34355,495,Neural_Networks,5
34708,496,Neural_Networks,20
34961,497,Neural_Networks,20
34979,498,Theory,12
35061,499,Genetic_Algorithms,20
35070,500,Case_Based,20
35335,501,Neural_Networks,21
35343,502,Neural_Networks,20
35490,503,Case_Based,19
35778,504,Probabilistic_Methods,23
35797,505,Neural_Networks,20
35852,506,Reinforcement_Learning,25
35854,507,Theory,22
35863,508,Reinforcement_Learning,16
35905,509,Neural_Networks,22
35922,510,Probabilistic_Methods,19
36131,511,Probabilistic_Methods,3
36140,512,Theory,20
36145,513,Neural_Networks,19
36162,514,Probabilistic_Methods,19
36167,515,Reinforcement_Learning,19
36620,516,Case_Based,21
36802,517,Probabilistic_Methods,19
37483,518,Case_Based,20
37541,519,Theory,11
37879,520,Probabilistic_Methods,7
37884,521,Probabilistic_Methods,3
37888,522,Probabilistic_Methods,18
37998,523,Rule_Learning,3
38000,524,Rule_Learning,5
38205,525,Genetic_Algorithms,23
38480,526,Reinforcement_Learning,20
38537,527,Probabilistic_Methods,11
38722,528,Theory,22
38771,529,Neural_Networks,17
38829,530,Case_Based,14
38839,531,Case_Based,2
38845,532,Case_Based,10
38846,533,Case_Based,4
39124,534,Case_Based,17
39126,535,Probabilistic_Methods,27
39127,536,Rule_Learning,21
39130,537,Case_Based,7
39131,538,Case_Based,5
39165,539,Probabilistic_Methods,4
39199,540,Neural_Networks,22
39210,541,Neural_Networks,19
39403,542,Reinforcement_Learning,14
39474,543,Genetic_Algorithms,21
39890,544,Probabilistic_Methods,22
39904,545,Neural_Networks,18
40124,546,Theory,19
40125,547,Probabilistic_Methods,2
40131,548,Neural_Networks,20
40135,549,Neural_Networks,20
40151,550,Theory,20
40583,551,Probabilistic_Methods,5
40605,552,Probabilistic_Methods,20
40886,553,Neural_Networks,12
40922,554,Case_Based,23
41216,555,Neural_Networks,20
41417,556,Case_Based,23
41666,557,Theory,25
41714,558,Genetic_Algorithms,23
41732,559,Reinforcement_Learning,6
42156,560,Neural_Networks,22
42207,561,Theory,4
42209,562,Theory,24
42221,563,Theory,23
42847,564,Neural_Networks,20
42848,565,Genetic_Algorithms,22
43165,566,Neural_Networks,23
43186,567,Neural_Networks,17
43639,568,Neural_Networks,25
43698,569,Neural_Networks,19
44017,570,Theory,21
44121,571,Probabilistic_Methods,19
44368,572,Genetic_Algorithms,7
44455,573,Genetic_Algorithms,20
44514,574,Neural_Networks,18
45052,575,Probabilistic_Methods,4
45061,576,Theory,22
45188,577,Theory,20
45189,578,Theory,22
45212,579,Neural_Networks,20
45533,580,Neural_Networks,20
45599,581,Genetic_Algorithms,23
45603,582,Reinforcement_Learning,18
45605,583,Genetic_Algorithms,15
46079,584,Genetic_Algorithms,19
46431,585,Neural_Networks,19
46452,586,Rule_Learning,15
46468,587,Probabilistic_Methods,11
46470,588,Theory,6
46476,589,Rule_Learning,20
46491,590,Theory,10
46500,591,Theory,18
46501,592,Theory,20
46536,593,Neural_Networks,3
46547,594,Theory,6
46887,595,Neural_Networks,17
47570,596,Case_Based,22
47682,597,Neural_Networks,23
47683,598,Case_Based,19
47684,599,Case_Based,21
47839,600,Reinforcement_Learning,19
48066,601,Theory,22
48075,602,Rule_Learning,18
48550,603,Neural_Networks,22
48555,604,Neural_Networks,20
48764,605,Reinforcement_Learning,18
48766,606,Genetic_Algorithms,23
48768,607,Reinforcement_Learning,18
48781,608,Genetic_Algorithms,17
49482,609,Neural_Networks,22
49660,610,Theory,5
49720,611,Probabilistic_Methods,8
49753,612,Probabilistic_Methods,19
49811,613,Theory,23
49843,614,Rule_Learning,17
49844,615,Rule_Learning,20
49847,616,Rule_Learning,19
49895,617,Rule_Learning,17
50336,618,Probabilistic_Methods,22
50337,619,Probabilistic_Methods,22
50354,620,Neural_Networks,2
50381,621,Theory,22
50807,622,Genetic_Algorithms,20
50838,623,Neural_Networks,21
50980,624,Case_Based,19
51045,625,Probabilistic_Methods,18
51049,626,Probabilistic_Methods,25
51052,627,Probabilistic_Methods,22
51180,628,Theory,19
51831,629,Neural_Networks,24
51834,630,Theory,21
51866,631,Theory,11
51879,632,Probabilistic_Methods,24
51909,633,Rule_Learning,20
51934,634,Neural_Networks,5
52000,635,Neural_Networks,24
52003,636,Neural_Networks,20
52007,637,Neural_Networks,19
52515,638,Probabilistic_Methods,24
52784,639,Theory,9
52835,640,Rule_Learning,25
52847,641,Theory,19
53942,642,Theory,25
54129,643,Genetic_Algorithms,22
54131,644,Genetic_Algorithms,19
54132,645,Genetic_Algorithms,21
54550,646,Case_Based,17
54844,647,Theory,23
55403,648,Rule_Learning,21
55770,649,Case_Based,2
55801,650,Case_Based,5
55968,651,Reinforcement_Learning,21
56112,652,Genetic_Algorithms,13
56115,653,Genetic_Algorithms,4
56119,654,Genetic_Algorithms,16
56167,655,Case_Based,20
56708,656,Reinforcement_Learning,25
56709,657,Genetic_Algorithms,19
57119,658,Genetic_Algorithms,17
57764,659,Theory,21
57773,660,Rule_Learning,20
57922,661,Theory,24
57932,662,Neural_Networks,21
57948,663,Theory,23
58268,664,Rule_Learning,22
58436,665,Case_Based,22
58453,666,Genetic_Algorithms,19
58454,667,Case_Based,14
58540,668,Reinforcement_Learning,18
58552,669,Neural_Networks,22
58758,670,Genetic_Algorithms,16
59045,671,Theory,22
59244,672,Case_Based,18
59626,673,Theory,24
59715,674,Genetic_Algorithms,16
59772,675,Neural_Networks,21
59798,676,Neural_Networks,18
60159,677,Neural_Networks,22
60169,678,Neural_Networks,19
60170,679,Neural_Networks,20
60560,680,Neural_Networks,18
60682,681,Case_Based,21
61069,682,Genetic_Algorithms,19
61073,683,Genetic_Algorithms,21
61312,684,Genetic_Algorithms,20
61417,685,Rule_Learning,20
62274,686,Theory,18
62329,687,Genetic_Algorithms,22
62333,688,Neural_Networks,24
62347,689,Reinforcement_Learning,21
62389,690,Case_Based,21
62417,691,Probabilistic_Methods,23
62607,692,Rule_Learning,21
62634,693,Genetic_Algorithms,20
62676,694,Neural_Networks,20
62718,695,Case_Based,21
63477,696,Case_Based,12
63486,697,Theory,20
63549,698,Neural_Networks,24
63812,699,Case_Based,19
63832,700,Genetic_Algorithms,23
63835,701,Case_Based,20
63915,702,Neural_Networks,21
63931,703,Rule_Learning,17
64271,704,Case_Based,9
64319,705,Theory,26
64484,706,Reinforcement_Learning,3
64519,707,Reinforcement_Learning,16
65057,708,Probabilistic_Methods,15
65074,709,Probabilistic_Methods,25
65212,710,Neural_Networks,6
65650,711,Theory,18
65653,712,Theory,19
66556,713,Genetic_Algorithms,17
66563,714,Genetic_Algorithms,14
66564,715,Genetic_Algorithms,20
66594,716,Theory,16
66596,717,Rule_Learning,19
66751,718,Theory,10
66782,719,Rule_Learning,7
66794,720,Probabilistic_Methods,19
66805,721,Genetic_Algorithms,18
66809,722,Reinforcement_Learning,23
66982,723,Neural_Networks,18
66986,724,Neural_Networks,25
66990,725,Neural_Networks,22
67245,726,Neural_Networks,21
67246,727,Neural_Networks,17
67292,728,Neural_Networks,20
67415,729,Theory,21
67584,730,Probabilistic_Methods,23
67633,731,Case_Based,17
68115,732,Case_Based,24
68224,733,Neural_Networks,14
68463,734,Rule_Learning,22
68495,735,Theory,19
68505,736,Theory,19
69198,737,Neural_Networks,25
69284,738,Genetic_Algorithms,22
69296,739,Genetic_Algorithms,18
69392,740,Neural_Networks,10
69397,741,Theory,19
69418,742,Neural_Networks,23
70281,743,Neural_Networks,17
70441,744,Case_Based,4
70442,745,Case_Based,25
70444,746,Case_Based,22
70520,747,Reinforcement_Learning,20
70970,748,Genetic_Algorithms,20
71336,749,Neural_Networks,21
71736,750,Probabilistic_Methods,23
71904,751,Neural_Networks,21
72056,752,Neural_Networks,21
72101,753,Neural_Networks,19
72406,754,Reinforcement_Learning,22
72805,755,Rule_Learning,23
72908,756,Rule_Learning,19
73119,757,Probabilistic_Methods,19
73146,758,Probabilistic_Methods,22
73162,759,Probabilistic_Methods,13
73323,760,Case_Based,9
73327,761,Case_Based,24
73712,762,Neural_Networks,21
73972,763,Case_Based,17
74427,764,Neural_Networks,15
74698,765,Probabilistic_Methods,22
74700,766,Probabilistic_Methods,7
74749,767,Theory,21
74821,768,Probabilistic_Methods,20
74920,769,Probabilistic_Methods,9
74921,770,Probabilistic_Methods,21
74937,771,Neural_Networks,20
74975,772,Case_Based,19
75121,773,Case_Based,5
75318,774,Neural_Networks,18
75674,775,Reinforcement_Learning,20
75691,776,Neural_Networks,20
75693,777,Reinforcement_Learning,3
75694,778,Reinforcement_Learning,22
75695,779,Neural_Networks,20
75969,780,Rule_Learning,5
75972,781,Rule_Learning,13
75983,782,Neural_Networks,5
77108,783,Theory,19
77112,784,Theory,20
77438,785,Probabilistic_Methods,19
77515,786,Theory,21
77758,787,Neural_Networks,20
77826,788,Case_Based,23
77829,789,Case_Based,21
78508,790,Neural_Networks,23
78511,791,Genetic_Algorithms,18
78549,792,Neural_Networks,21
78552,793,Neural_Networks,2
78555,794,Neural_Networks,3
78557,795,Neural_Networks,17
78994,796,Neural_Networks,18
79809,797,Theory,2
79817,798,Probabilistic_Methods,22
80491,799,Neural_Networks,5
80515,800,Neural_Networks,20
80656,801,Neural_Networks,16
81350,802,Reinforcement_Learning,19
81714,803,Case_Based,7
81722,804,Case_Based,18
82087,805,Genetic_Algorithms,21
82090,806,Genetic_Algorithms,21
82098,807,Genetic_Algorithms,15
82664,808,Case_Based,21
82666,809,Case_Based,23
82920,810,Genetic_Algorithms,22
83449,811,Case_Based,20
83461,812,Rule_Learning,24
83725,813,Genetic_Algorithms,23
83746,814,Neural_Networks,21
83826,815,Neural_Networks,16
83847,816,Neural_Networks,25
84020,817,Probabilistic_Methods,23
84021,818,Genetic_Algorithms,21
84459,819,Theory,19
84695,820,Neural_Networks,23
85299,821,Neural_Networks,4
85324,822,Neural_Networks,19
85352,823,Genetic_Algorithms,16
85449,824,Neural_Networks,21
85452,825,Theory,19
85688,826,Rule_Learning,19
86258,827,Theory,25
86359,828,Reinforcement_Learning,18
86840,829,Theory,7
86923,830,Neural_Networks,17
87363,831,Genetic_Algorithms,17
87417,832,Genetic_Algorithms,24
87482,833,Neural_Networks,23
87915,834,Probabilistic_Methods,20
88356,835,Probabilistic_Methods,17
89308,836,Case_Based,23
89335,837,Case_Based,20
89416,838,Probabilistic_Methods,19
89547,839,Theory,30
90470,840,Probabilistic_Methods,5
90655,841,Neural_Networks,25
90888,842,Neural_Networks,20
91038,843,Probabilistic_Methods,20
91581,844,Probabilistic_Methods,21
91852,845,Case_Based,23
91853,846,Case_Based,18
91975,847,Reinforcement_Learning,19
92065,848,Neural_Networks,21
92589,849,Probabilistic_Methods,25
93273,850,Theory,21
93318,851,Neural_Networks,20
93320,852,Reinforcement_Learning,16
93555,853,Neural_Networks,3
93755,854,Theory,19
93923,855,Rule_Learning,21
94229,856,Neural_Networks,8
94416,857,Rule_Learning,6
94639,858,Genetic_Algorithms,20
94641,859,Genetic_Algorithms,14
94713,860,Probabilistic_Methods,23
94953,861,Neural_Networks,20
95188,862,Case_Based,21
95198,863,Case_Based,22
95225,864,Theory,25
95435,865,Reinforcement_Learning,22
95579,866,Reinforcement_Learning,20
95586,867,Reinforcement_Learning,20
95588,868,Reinforcement_Learning,8
95589,869,Reinforcement_Learning,21
95594,870,Reinforcement_Learning,14
95597,871,Reinforcement_Learning,22
95642,872,Case_Based,26
95718,873,Theory,23
95719,874,Probabilistic_Methods,19
96335,875,Neural_Networks,24
96845,876,Genetic_Algorithms,5
96847,877,Genetic_Algorithms,18
96851,878,Genetic_Algorithms,22
97377,879,Theory,21
97390,880,Genetic_Algorithms,5
97645,881,Genetic_Algorithms,23
97892,882,Case_Based,18
98693,883,Genetic_Algorithms,16
98698,884,Genetic_Algorithms,25
99023,885,Neural_Networks,23
99025,886,Neural_Networks,23
99030,887,Neural_Networks,27
100197,888,Neural_Networks,20
100701,889,Case_Based,18
100935,890,Genetic_Algorithms,20
100961,891,Neural_Networks,4
101143,892,Case_Based,18
101145,893,Case_Based,6
101261,894,Theory,2
101263,895,Theory,21
101660,896,Rule_Learning,14
101662,897,Theory,17
101811,898,Theory,24
102061,899,Genetic_Algorithms,24
102406,900,Theory,22
102879,901,Theory,23
102884,902,Theory,19
102938,903,Neural_Networks,26
102939,904,Neural_Networks,21
103430,905,Neural_Networks,21
103482,906,Neural_Networks,2
103515,907,Genetic_Algorithms,8
103528,908,Case_Based,18
103529,909,Case_Based,2
103531,910,Case_Based,19
103537,911,Probabilistic_Methods,18
103543,912,Probabilistic_Methods,17
104840,913,Theory,20
105057,914,Theory,22
105856,915,Neural_Networks,17
105865,916,Neural_Networks,25
105899,917,Probabilistic_Methods,20
106590,918,Probabilistic_Methods,24
107177,919,Theory,18
107251,920,Theory,23
107252,921,Theory,19
107569,922,Neural_Networks,20
108047,923,Genetic_Algorithms,21
108962,924,Probabilistic_Methods,18
108963,925,Probabilistic_Methods,18
108974,926,Probabilistic_Methods,22
108983,927,Probabilistic_Methods,21
109323,928,Probabilistic_Methods,7
110041,929,Genetic_Algorithms,23
110162,930,Case_Based,24
110163,931,Case_Based,23
110164,932,Case_Based,5
111676,933,Case_Based,22
111770,934,Probabilistic_Methods,4
111866,935,Theory,24
112099,936,Case_Based,8
112378,937,Case_Based,23
112787,938,Case_Based,18
112813,939,Case_Based,24
114189,940,Probabilistic_Methods,14
114308,941,Reinforcement_Learning,23
114966,942,Neural_Networks,21
115188,943,Neural_Networks,5
116021,944,Theory,20
116081,945,Rule_Learning,21
116084,946,Rule_Learning,21
116087,947,Rule_Learning,21
116512,948,Neural_Networks,21
116528,949,Theory,20
116545,950,Genetic_Algorithms,19
116552,951,Genetic_Algorithms,16
116553,952,Genetic_Algorithms,21
116790,953,Probabilistic_Methods,3
117315,954,Genetic_Algorithms,22
117316,955,Genetic_Algorithms,19
117328,956,Case_Based,7
118079,957,Reinforcement_Learning,17
118259,958,Reinforcement_Learning,20
118260,959,Reinforcement_Learning,16
118424,960,Neural_Networks,20
118435,961,Neural_Networks,17
118436,962,Neural_Networks,8
118558,963,Reinforcement_Learning,16
118559,964,Reinforcement_Learning,24
118682,965,Probabilistic_Methods,23
118873,966,Neural_Networks,4
119686,967,Neural_Networks,26
119712,968,Genetic_Algorithms,19
119761,969,Neural_Networks,21
119956,970,Neural_Networks,21
120013,971,Neural_Networks,20
120039,972,Case_Based,23
120084,973,Neural_Networks,23
120817,974,Neural_Networks,22
121792,975,Neural_Networks,26
123556,976,Neural_Networks,6
123825,977,Neural_Networks,21
124064,978,Reinforcement_Learning,21
124224,979,Neural_Networks,20
124296,980,Neural_Networks,20
124734,981,Theory,4
124828,982,Neural_Networks,19
124952,983,Probabilistic_Methods,22
126128,984,Neural_Networks,23
126793,985,Probabilistic_Methods,22
126867,986,Case_Based,7
126868,987,Case_Based,20
126909,988,Probabilistic_Methods,9
126912,989,Probabilistic_Methods,25
126920,990,Probabilistic_Methods,24
126926,991,Probabilistic_Methods,19
126927,992,Probabilistic_Methods,23
127033,993,Genetic_Algorithms,21
127940,994,Neural_Networks,20
128202,995,Theory,10
128203,996,Theory,2
128383,997,Case_Based,21
128540,998,Genetic_Algorithms,18
129042,999,Case_Based,21
129045,1000,Case_Based,20
129287,1001,Neural_Networks,17
129558,1002,Case_Based,8
129896,1003,Probabilistic_Methods,17
129897,1004,Probabilistic_Methods,4
131042,1005,Neural_Networks,20
131117,1006,Neural_Networks,24
131122,1007,Neural_Networks,16
131315,1008,Neural_Networks,18
131317,1009,Neural_Networks,21
131318,1010,Neural_Networks,26
132806,1011,Genetic_Algorithms,25
132821,1012,Theory,18
133550,1013,Neural_Networks,20
133553,1014,Neural_Networks,22
133563,1015,Neural_Networks,21
133566,1016,Neural_Networks,21
133567,1017,Neural_Networks,16
133615,1018,Rule_Learning,22
133628,1019,Theory,18
134060,1020,Theory,10
134128,1021,Reinforcement_Learning,17
134199,1022,Genetic_Algorithms,16
134219,1023,Genetic_Algorithms,11
134307,1024,Probabilistic_Methods,15
134314,1025,Probabilistic_Methods,21
134315,1026,Probabilistic_Methods,19
134316,1027,Probabilistic_Methods,21
134320,1028,Probabilistic_Methods,21
135130,1029,Reinforcement_Learning,5
135464,1030,Neural_Networks,3
135765,1031,Rule_Learning,4
135766,1032,Rule_Learning,22
135798,1033,Case_Based,15
136665,1034,Reinforcement_Learning,20
136766,1035,Rule_Learning,17
136767,1036,Theory,7
136768,1037,Rule_Learning,17
137130,1038,Probabilistic_Methods,12
137359,1039,Rule_Learning,23
137380,1040,Rule_Learning,23
137790,1041,Theory,3
137849,1042,Probabilistic_Methods,20
137868,1043,Probabilistic_Methods,20
137873,1044,Probabilistic_Methods,19
137956,1045,Rule_Learning,23
139547,1046,Neural_Networks,23
139738,1047,Neural_Networks,22
139865,1048,Neural_Networks,5
140005,1049,Theory,23
140569,1050,Neural_Networks,15
141160,1051,Neural_Networks,25
141171,1052,Neural_Networks,24
141324,1053,Genetic_Algorithms,16
141342,1054,Genetic_Algorithms,19
141347,1055,Genetic_Algorithms,23
141596,1056,Neural_Networks,18
141868,1057,Case_Based,20
142268,1058,Probabilistic_Methods,27
143323,1059,Case_Based,22
143476,1060,Probabilistic_Methods,23
143676,1061,Neural_Networks,6
143801,1062,Neural_Networks,17
144212,1063,Genetic_Algorithms,13
144330,1064,Theory,20
144408,1065,Neural_Networks,17
144679,1066,Case_Based,6
144701,1067,Genetic_Algorithms,19
145134,1068,Neural_Networks,22
145176,1069,Neural_Networks,18
145215,1070,Case_Based,5
145315,1071,Rule_Learning,6
145384,1072,Reinforcement_Learning,15
147870,1073,Neural_Networks,8
148170,1074,Genetic_Algorithms,18
148341,1075,Genetic_Algorithms,20
148399,1076,Theory,22
149139,1077,Theory,20
149669,1078,Probabilistic_Methods,15
151430,1079,Rule_Learning,17
151708,1080,Neural_Networks,22
152219,1081,Neural_Networks,17
152226,1082,Theory,14
152227,1083,Theory,16
152483,1084,Genetic_Algorithms,18
152731,1085,Neural_Networks,22
153063,1086,Probabilistic_Methods,15
153598,1087,Reinforcement_Learning,21
154023,1088,Neural_Networks,17
154047,1089,Neural_Networks,21
154134,1090,Case_Based,17
154982,1091,Probabilistic_Methods,23
155158,1092,Rule_Learning,25
155277,1093,Probabilistic_Methods,21
155736,1094,Theory,7
155738,1095,Theory,14
156794,1096,Probabilistic_Methods,16
156977,1097,Neural_Networks,25
157401,1098,Neural_Networks,21
157761,1099,Theory,23
157805,1100,Theory,22
158098,1101,Probabilistic_Methods,13
158172,1102,Probabilistic_Methods,2
158614,1103,Theory,20
158812,1104,Neural_Networks,6
159084,1105,Neural_Networks,18
159085,1106,Neural_Networks,5
159897,1107,Probabilistic_Methods,17
160705,1108,Neural_Networks,19
160732,1109,Rule_Learning,8
161221,1110,Neural_Networks,15
162075,1111,Neural_Networks,20
162080,1112,Neural_Networks,22
162664,1113,Probabilistic_Methods,20
163235,1114,Neural_Networks,19
164885,1115,Genetic_Algorithms,22
166420,1116,Theory,22
166825,1117,Case_Based,16
166989,1118,Theory,19
167205,1119,Rule_Learning,19
167656,1120,Theory,17
167670,1121,Probabilistic_Methods,16
168332,1122,Reinforcement_Learning,22
168410,1123,Reinforcement_Learning,19
168958,1124,Neural_Networks,20
169279,1125,Neural_Networks,19
169280,1126,Neural_Networks,23
170338,1127,Reinforcement_Learning,22
170798,1128,Case_Based,17
171225,1129,Neural_Networks,27
171954,1130,Theory,23
173863,1131,Probabilistic_Methods,15
173884,1132,Probabilistic_Methods,23
174418,1133,Theory,19
174425,1134,Theory,21
175256,1135,Genetic_Algorithms,5
175291,1136,Neural_Networks,18
175548,1137,Neural_Networks,22
175576,1138,Theory,25
175909,1139,Case_Based,23
177115,1140,Case_Based,24
177993,1141,Genetic_Algorithms,18
177998,1142,Genetic_Algorithms,21
178209,1143,Rule_Learning,17
178718,1144,Genetic_Algorithms,16
178727,1145,Genetic_Algorithms,17
179180,1146,Neural_Networks,22
179702,1147,Neural_Networks,20
179706,1148,Neural_Networks,20
180187,1149,Rule_Learning,21
180301,1150,Probabilistic_Methods,23
180373,1151,Neural_Networks,16
180399,1152,Neural_Networks,21
181782,1153,Reinforcement_Learning,17
182093,1154,Reinforcement_Learning,16
182094,1155,Genetic_Algorithms,23
184157,1156,Reinforcement_Learning,21
184918,1157,Neural_Networks,21
187260,1158,Case_Based,6
187354,1159,Rule_Learning,23
188318,1160,Neural_Networks,20
188471,1161,Reinforcement_Learning,19
189566,1162,Probabilistic_Methods,6
189571,1163,Probabilistic_Methods,23
189572,1164,Probabilistic_Methods,20
189574,1165,Probabilistic_Methods,20
189577,1166,Probabilistic_Methods,23
189620,1167,Probabilistic_Methods,25
189623,1168,Probabilistic_Methods,21
189655,1169,Probabilistic_Methods,13
189708,1170,Probabilistic_Methods,20
189721,1171,Probabilistic_Methods,18
189774,1172,Probabilistic_Methods,20
189856,1173,Probabilistic_Methods,23
190697,1174,Genetic_Algorithms,20
190698,1175,Neural_Networks,23
190706,1176,Genetic_Algorithms,22
191216,1177,Neural_Networks,5
191222,1178,Neural_Networks,22
191404,1179,Probabilistic_Methods,22
192734,1180,Theory,20
192850,1181,Theory,25
192870,1182,Neural_Networks,22
193347,1183,Rule_Learning,21
193352,1184,Rule_Learning,17
193354,1185,Rule_Learning,25
193742,1186,Reinforcement_Learning,23
193918,1187,Neural_Networks,25
193931,1188,Neural_Networks,8
193932,1189,Neural_Networks,21
194223,1190,Probabilistic_Methods,21
194609,1191,Neural_Networks,3
194617,1192,Neural_Networks,15
194645,1193,Reinforcement_Learning,20
195150,1194,Rule_Learning,24
195361,1195,Reinforcement_Learning,21
195792,1196,Genetic_Algorithms,9
197054,1197,Reinforcement_Learning,20
197452,1198,Neural_Networks,25
197783,1199,Neural_Networks,19
198443,1200,Genetic_Algorithms,13
198653,1201,Genetic_Algorithms,21
198866,1202,Case_Based,17
199571,1203,Neural_Networks,21
200480,1204,Case_Based,22
200630,1205,Neural_Networks,23
202520,1206,Probabilistic_Methods,6
202522,1207,Probabilistic_Methods,23
202639,1208,Neural_Networks,20
203646,1209,Neural_Networks,15
205192,1210,Neural_Networks,21
205196,1211,Neural_Networks,26
206259,1212,Reinforcement_Learning,23
206371,1213,Genetic_Algorithms,21
206524,1214,Rule_Learning,26
207395,1215,Case_Based,19
208345,1216,Case_Based,24
210309,1217,Theory,21
210871,1218,Genetic_Algorithms,20
210872,1219,Genetic_Algorithms,22
211432,1220,Theory,3
211875,1221,Neural_Networks,21
211906,1222,Theory,6
212097,1223,Probabilistic_Methods,21
212107,1224,Probabilistic_Methods,23
212777,1225,Rule_Learning,18
212930,1226,Neural_Networks,25
213246,1227,Neural_Networks,22
213279,1228,Neural_Networks,9
214472,1229,Reinforcement_Learning,15
215912,1230,Neural_Networks,20
216877,1231,Rule_Learning,20
216878,1232,Theory,18
217115,1233,Theory,22
217139,1234,Case_Based,20
217852,1235,Rule_Learning,3
217984,1236,Neural_Networks,24
218410,1237,Reinforcement_Learning,22
218666,1238,Case_Based,25
218682,1239,Case_Based,19
219218,1240,Probabilistic_Methods,21
219239,1241,Theory,20
219446,1242,Neural_Networks,9
219976,1243,Case_Based,19
220420,1244,Genetic_Algorithms,19
221302,1245,Case_Based,23
226698,1246,Neural_Networks,17
227178,1247,Genetic_Algorithms,20
227286,1248,Neural_Networks,24
228990,1249,Neural_Networks,24
228992,1250,Neural_Networks,20
229635,1251,Genetic_Algorithms,22
230300,1252,Reinforcement_Learning,20
230879,1253,Neural_Networks,12
230884,1254,Neural_Networks,19
231198,1255,Neural_Networks,25
231249,1256,Genetic_Algorithms,24
232605,1257,Rule_Learning,5
232606,1258,Rule_Learning,17
232860,1259,Neural_Networks,20
233106,1260,Neural_Networks,22
235670,1261,Rule_Learning,21
235678,1262,Rule_Learning,21
235679,1263,Rule_Learning,20
235683,1264,Rule_Learning,19
235776,1265,Theory,20
236759,1266,Neural_Networks,20
237376,1267,Theory,19
237489,1268,Neural_Networks,19
237521,1269,Neural_Networks,23
238099,1270,Rule_Learning,20
238401,1271,Theory,25
239800,1272,Theory,24
239810,1273,Case_Based,5
239829,1274,Case_Based,17
240321,1275,Neural_Networks,22
240791,1276,Genetic_Algorithms,26
241133,1277,Theory,15
241821,1278,Neural_Networks,20
242637,1279,Neural_Networks,25
242663,1280,Probabilistic_Methods,6
243274,1281,Neural_Networks,19
243483,1282,Genetic_Algorithms,19
245288,1283,Reinforcement_Learning,21
245955,1284,Reinforcement_Learning,16
246618,1285,Genetic_Algorithms,22
248119,1286,Theory,17
248395,1287,Neural_Networks,21
248425,1288,Genetic_Algorithms,21
248431,1289,Genetic_Algorithms,24
248823,1290,Reinforcement_Learning,22
249421,1291,Neural_Networks,4
249858,1292,Theory,16
250566,1293,Case_Based,4
251756,1294,Genetic_Algorithms,18
252715,1295,Rule_Learning,26
252725,1296,Rule_Learning,22
253762,1297,Probabilistic_Methods,19
253971,1298,Neural_Networks,23
254923,1299,Genetic_Algorithms,20
255233,1300,Case_Based,18
255628,1301,Neural_Networks,20
256106,1302,Neural_Networks,20
258259,1303,Neural_Networks,21
259126,1304,Neural_Networks,18
259701,1305,Genetic_Algorithms,17
259702,1306,Genetic_Algorithms,19
259772,1307,Case_Based,20
260121,1308,Neural_Networks,19
260979,1309,Theory,20
261040,1310,Case_Based,19
262108,1311,Neural_Networks,23
262121,1312,Genetic_Algorithms,21
262178,1313,Genetic_Algorithms,18
263069,1314,Genetic_Algorithms,8
263279,1315,Genetic_Algorithms,16
263482,1316,Rule_Learning,24
263486,1317,Rule_Learning,15
263498,1318,Genetic_Algorithms,10
263553,1319,Neural_Networks,21
264347,1320,Theory,4
264556,1321,Neural_Networks,21
265203,1322,Genetic_Algorithms,22
267003,1323,Neural_Networks,22
267824,1324,Neural_Networks,22
270085,1325,Genetic_Algorithms,6
270456,1326,Neural_Networks,22
270600,1327,Neural_Networks,26
272345,1328,Case_Based,15
272720,1329,Theory,21
273152,1330,Genetic_Algorithms,23
273949,1331,Theory,22
277263,1332,Rule_Learning,4
278394,1333,Neural_Networks,22
278403,1334,Neural_Networks,20
280876,1335,Probabilistic_Methods,8
282700,1336,Neural_Networks,21
284023,1337,Neural_Networks,24
284025,1338,Neural_Networks,20
284414,1339,Case_Based,23
285675,1340,Neural_Networks,21
285687,1341,Neural_Networks,26
286500,1342,Genetic_Algorithms,20
286513,1343,Genetic_Algorithms,22
286562,1344,Neural_Networks,21
287787,1345,Genetic_Algorithms,20
288107,1346,Theory,25
289085,1347,Neural_Networks,16
289088,1348,Neural_Networks,23
289779,1349,Genetic_Algorithms,21
289780,1350,Genetic_Algorithms,20
289781,1351,Genetic_Algorithms,20
289885,1352,Probabilistic_Methods,20
289945,1353,Neural_Networks,25
292277,1354,Genetic_Algorithms,18
293271,1355,Reinforcement_Learning,18
293285,1356,Theory,19
293974,1357,Probabilistic_Methods,18
294030,1358,Probabilistic_Methods,21
294126,1359,Rule_Learning,18
294145,1360,Rule_Learning,22
294239,1361,Neural_Networks,22
299195,1362,Neural_Networks,18
299197,1363,Neural_Networks,19
300071,1364,Probabilistic_Methods,23
300806,1365,Neural_Networks,17
302545,1366,Probabilistic_Methods,23
307015,1367,Genetic_Algorithms,17
307336,1368,Neural_Networks,20
307656,1369,Genetic_Algorithms,4
308003,1370,Rule_Learning,21
308232,1371,Rule_Learning,22
308529,1372,Reinforcement_Learning,20
308920,1373,Probabilistic_Methods,25
309476,1374,Theory,24
310530,1375,Case_Based,24
310653,1376,Probabilistic_Methods,18
310742,1377,Probabilistic_Methods,22
312409,1378,Neural_Networks,19
314459,1379,Neural_Networks,21
315266,1380,Probabilistic_Methods,15
315789,1381,Genetic_Algorithms,21
318071,1382,Probabilistic_Methods,23
318187,1383,Rule_Learning,20
321004,1384,Genetic_Algorithms,20
321861,1385,Theory,23
323128,1386,Theory,16
325314,1387,Neural_Networks,18
325497,1388,Reinforcement_Learning,11
328370,1389,Neural_Networks,21
330148,1390,Neural_Networks,14
330208,1391,Neural_Networks,24
334153,1392,Theory,16
335042,1393,Neural_Networks,17
335733,1394,Genetic_Algorithms,28
337766,1395,Case_Based,21
340075,1396,Neural_Networks,18
340078,1397,Neural_Networks,20
340299,1398,Neural_Networks,22
341188,1399,Reinforcement_Learning,23
342802,1400,Neural_Networks,22
345340,1401,Reinforcement_Learning,7
346243,1402,Theory,20
346292,1403,Neural_Networks,25
348305,1404,Rule_Learning,6
348437,1405,Theory,20
350319,1406,Neural_Networks,7
350362,1407,Theory,19
350373,1408,Theory,5
353541,1409,Neural_Networks,21
354004,1410,Probabilistic_Methods,25
358866,1411,Probabilistic_Methods,15
358884,1412,Theory,22
358887,1413,Probabilistic_Methods,20
358894,1414,Theory,22
359067,1415,Case_Based,25
360028,1416,Theory,20
362926,1417,Rule_Learning,21
365294,1418,Reinforcement_Learning,22
367312,1419,Neural_Networks,20
368431,1420,Theory,15
368605,1421,Neural_Networks,3
368657,1422,Neural_Networks,14
370366,1423,Neural_Networks,25
372862,1424,Rule_Learning,21
375605,1425,Genetic_Algorithms,17
375825,1426,Probabilistic_Methods,21
376704,1427,Case_Based,5
377303,1428,Genetic_Algorithms,24
379288,1429,Case_Based,15
380341,1430,Neural_Networks,18
384428,1431,Neural_Networks,18
385067,1432,Case_Based,21
385251,1433,Theory,3
385572,1434,Neural_Networks,16
387795,1435,Genetic_Algorithms,22
389715,1436,Theory,20
390693,1437,Neural_Networks,7
390889,1438,Neural_Networks,20
390894,1439,Probabilistic_Methods,26
390896,1440,Probabilistic_Methods,21
390922,1441,Probabilistic_Methods,15
395075,1442,Genetic_Algorithms,25
395540,1443,Probabilistic_Methods,20
395547,1444,Neural_Networks,18
395553,1445,Neural_Networks,16
395725,1446,Neural_Networks,19
396412,1447,Neural_Networks,19
397488,1448,Genetic_Algorithms,7
397590,1449,Rule_Learning,24
399173,1450,Case_Based,20
399339,1451,Reinforcement_Learning,19
399370,1452,Neural_Networks,8
400356,1453,Neural_Networks,20
400455,1454,Neural_Networks,16
400473,1455,Neural_Networks,24
408885,1456,Probabilistic_Methods,24
409255,1457,Neural_Networks,18
409725,1458,Rule_Learning,24
411005,1459,Neural_Networks,25
411092,1460,Rule_Learning,20
415693,1461,Genetic_Algorithms,20
416455,1462,Genetic_Algorithms,23
416867,1463,Theory,14
416964,1464,Neural_Networks,20
417017,1465,Case_Based,23
421481,1466,Probabilistic_Methods,20
423463,1467,Probabilistic_Methods,21
423816,1468,Genetic_Algorithms,21
424540,1469,Neural_Networks,20
427606,1470,Genetic_Algorithms,20
428610,1471,Neural_Networks,20
429781,1472,Theory,21
429805,1473,Case_Based,18
430329,1474,Neural_Networks,22
430574,1475,Neural_Networks,25
430711,1476,Neural_Networks,22
431206,1477,Probabilistic_Methods,21
436796,1478,Neural_Networks,19
440815,1479,Probabilistic_Methods,21
444191,1480,Neural_Networks,16
444240,1481,Genetic_Algorithms,21
445938,1482,Probabilistic_Methods,24
446271,1483,Probabilistic_Methods,24
446610,1484,Probabilistic_Methods,21
447224,1485,Genetic_Algorithms,23
447250,1486,Neural_Networks,26
449841,1487,Rule_Learning,21
458439,1488,Theory,21
459206,1489,Genetic_Algorithms,13
459213,1490,Genetic_Algorithms,22
459214,1491,Genetic_Algorithms,25
459216,1492,Genetic_Algorithms,19
463825,1493,Theory,17
466170,1494,Neural_Networks,19
467383,1495,Genetic_Algorithms,18
469504,1496,Neural_Networks,21
470511,1497,Case_Based,5
481073,1498,Reinforcement_Learning,22
486840,1499,Genetic_Algorithms,20
502574,1500,Case_Based,21
503871,1501,Genetic_Algorithms,25
503877,1502,Genetic_Algorithms,14
503883,1503,Genetic_Algorithms,24
503893,1504,Genetic_Algorithms,19
509233,1505,Theory,18
509315,1506,Genetic_Algorithms,23
509379,1507,Theory,23
510715,1508,Probabilistic_Methods,26
510718,1509,Probabilistic_Methods,22
513189,1510,Genetic_Algorithms,9
519318,1511,Probabilistic_Methods,19
519353,1512,Probabilistic_Methods,4
520471,1513,Rule_Learning,19
521183,1514,Case_Based,14
521207,1515,Case_Based,21
521251,1516,Case_Based,6
521252,1517,Theory,18
521269,1518,Case_Based,25
521855,1519,Probabilistic_Methods,21
522338,1520,Probabilistic_Methods,23
523010,1521,Neural_Networks,20
523394,1522,Probabilistic_Methods,24
523574,1523,Probabilistic_Methods,20
529165,1524,Neural_Networks,19
531348,1525,Probabilistic_Methods,19
531351,1526,Probabilistic_Methods,22
545647,1527,Theory,24
552469,1528,Theory,20
559804,1529,Probabilistic_Methods,20
560936,1530,Neural_Networks,16
561238,1531,Genetic_Algorithms,16
561364,1532,Probabilistic_Methods,17
561568,1533,Probabilistic_Methods,22
561581,1534,Probabilistic_Methods,25
561582,1535,Probabilistic_Methods,23
561593,1536,Probabilistic_Methods,17
561595,1537,Probabilistic_Methods,23
561610,1538,Probabilistic_Methods,23
561611,1539,Probabilistic_Methods,21
561613,1540,Probabilistic_Methods,21
561674,1541,Neural_Networks,12
561789,1542,Probabilistic_Methods,18
561809,1543,Probabilistic_Methods,20
562067,1544,Probabilistic_Methods,2
562123,1545,Neural_Networks,23
562940,1546,Rule_Learning,21
563613,1547,Neural_Networks,23
566488,1548,Case_Based,21
566653,1549,Case_Based,20
566664,1550,Case_Based,21
567005,1551,Neural_Networks,18
567018,1552,Neural_Networks,19
568045,1553,Rule_Learning,17
568857,1554,Genetic_Algorithms,22
573535,1555,Theory,8
573553,1556,Theory,21
573964,1557,Genetic_Algorithms,22
573978,1558,Genetic_Algorithms,19
574009,1559,Genetic_Algorithms,23
574264,1560,Genetic_Algorithms,21
574462,1561,Genetic_Algorithms,6
574710,1562,Genetic_Algorithms,23
575077,1563,Genetic_Algorithms,21
575292,1564,Genetic_Algorithms,17
575331,1565,Genetic_Algorithms,22
575402,1566,Genetic_Algorithms,23
575795,1567,Genetic_Algorithms,22
576257,1568,Genetic_Algorithms,19
576362,1569,Genetic_Algorithms,20
576691,1570,Genetic_Algorithms,20
576725,1571,Genetic_Algorithms,22
576795,1572,Genetic_Algorithms,6
576973,1573,Genetic_Algorithms,21
577086,1574,Genetic_Algorithms,23
577227,1575,Genetic_Algorithms,24
577331,1576,Genetic_Algorithms,23
578306,1577,Neural_Networks,21
578309,1578,Neural_Networks,20
578337,1579,Neural_Networks,21
578347,1580,Neural_Networks,7
578365,1581,Neural_Networks,23
578645,1582,Genetic_Algorithms,24
578646,1583,Genetic_Algorithms,16
578649,1584,Genetic_Algorithms,8
578650,1585,Genetic_Algorithms,18
578669,1586,Genetic_Algorithms,19
578780,1587,Genetic_Algorithms,21
578845,1588,Genetic_Algorithms,21
578898,1589,Genetic_Algorithms,20
579008,1590,Genetic_Algorithms,23
579108,1591,Genetic_Algorithms,22
582139,1592,Neural_Networks,16
582343,1593,Theory,20
582349,1594,Neural_Networks,22
582511,1595,Theory,20
583318,1596,Genetic_Algorithms,19
589923,1597,Probabilistic_Methods,19
590022,1598,Probabilistic_Methods,18
591016,1599,Rule_Learning,21
591017,1600,Rule_Learning,25
592826,1601,Rule_Learning,13
592830,1602,Rule_Learning,17
592973,1603,Genetic_Algorithms,19
592975,1604,Genetic_Algorithms,20
592986,1605,Genetic_Algorithms,9
592993,1606,Genetic_Algorithms,26
592996,1607,Genetic_Algorithms,23
593022,1608,Genetic_Algorithms,20
593060,1609,Genetic_Algorithms,22
593068,1610,Genetic_Algorithms,16
593091,1611,Genetic_Algorithms,20
593104,1612,Genetic_Algorithms,19
593105,1613,Genetic_Algorithms,24
593155,1614,Genetic_Algorithms,18
593201,1615,Genetic_Algorithms,21
593209,1616,Genetic_Algorithms,16
593210,1617,Genetic_Algorithms,17
593240,1618,Genetic_Algorithms,24
593248,1619,Genetic_Algorithms,22
593260,1620,Genetic_Algorithms,17
593328,1621,Genetic_Algorithms,20
593329,1622,Genetic_Algorithms,19
593544,1623,Genetic_Algorithms,24
593559,1624,Genetic_Algorithms,15
593560,1625,Genetic_Algorithms,22
593813,1626,Genetic_Algorithms,18
593859,1627,Genetic_Algorithms,24
593921,1628,Genetic_Algorithms,23
593942,1629,Genetic_Algorithms,22
594011,1630,Genetic_Algorithms,14
594025,1631,Genetic_Algorithms,13
594039,1632,Genetic_Algorithms,19
594047,1633,Genetic_Algorithms,20
594119,1634,Genetic_Algorithms,14
594387,1635,Genetic_Algorithms,19
594483,1636,Genetic_Algorithms,19
594511,1637,Genetic_Algorithms,5
594543,1638,Genetic_Algorithms,24
594649,1639,Genetic_Algorithms,4
594900,1640,Genetic_Algorithms,21
595056,1641,Genetic_Algorithms,19
595063,1642,Genetic_Algorithms,16
595157,1643,Genetic_Algorithms,2
595193,1644,Genetic_Algorithms,24
596075,1645,Case_Based,20
601462,1646,Genetic_Algorithms,17
601561,1647,Rule_Learning,17
601567,1648,Rule_Learning,20
604073,1649,Neural_Networks,21
606479,1650,Genetic_Algorithms,22
606647,1651,Genetic_Algorithms,10
608190,1652,Genetic_Algorithms,16
608191,1653,Genetic_Algorithms,19
608292,1654,Genetic_Algorithms,21
608326,1655,Genetic_Algorithms,21
610529,1656,Neural_Networks,7
612306,1657,Rule_Learning,13
613409,1658,Probabilistic_Methods,23
616336,1659,Rule_Learning,6
617378,1660,Neural_Networks,17
617575,1661,Neural_Networks,18
621555,1662,Neural_Networks,17
626530,1663,Probabilistic_Methods,23
626531,1664,Probabilistic_Methods,23
626574,1665,Probabilistic_Methods,5
626999,1666,Neural_Networks,19
627024,1667,Neural_Networks,22
628458,1668,Neural_Networks,18
628459,1669,Neural_Networks,23
628500,1670,Reinforcement_Learning,19
628667,1671,Reinforcement_Learning,25
628668,1672,Reinforcement_Learning,17
628751,1673,Neural_Networks,21
628764,1674,Neural_Networks,21
628766,1675,Neural_Networks,19
628815,1676,Reinforcement_Learning,19
628888,1677,Neural_Networks,7
630817,1678,Neural_Networks,21
630890,1679,Neural_Networks,23
631015,1680,Neural_Networks,14
631052,1681,Neural_Networks,21
632796,1682,Probabilistic_Methods,6
632874,1683,Probabilistic_Methods,19
632935,1684,Probabilistic_Methods,15
633030,1685,Probabilistic_Methods,24
633031,1686,Probabilistic_Methods,24
633081,1687,Probabilistic_Methods,18
633585,1688,Probabilistic_Methods,23
633721,1689,Probabilistic_Methods,18
634902,1690,Genetic_Algorithms,20
634904,1691,Genetic_Algorithms,18
634938,1692,Genetic_Algorithms,22
634975,1693,Genetic_Algorithms,20
636098,1694,Theory,18
636500,1695,Theory,18
636511,1696,Neural_Networks,23
640617,1697,Genetic_Algorithms,21
641956,1698,Neural_Networks,19
641976,1699,Neural_Networks,18
642593,1700,Neural_Networks,24
642621,1701,Probabilistic_Methods,6
642641,1702,Probabilistic_Methods,21
642681,1703,Probabilistic_Methods,18
642798,1704,Probabilistic_Methods,20
642827,1705,Probabilistic_Methods,9
642847,1706,Probabilistic_Methods,18
642894,1707,Probabilistic_Methods,22
642920,1708,Neural_Networks,24
642930,1709,Neural_Networks,23
643003,1710,Probabilistic_Methods,22
643069,1711,Probabilistic_Methods,20
643199,1712,Genetic_Algorithms,9
643221,1713,Probabilistic_Methods,17
643239,1714,Probabilistic_Methods,25
643485,1715,Probabilistic_Methods,13
643597,1716,Probabilistic_Methods,25
643695,1717,Probabilistic_Methods,21
643734,1718,Neural_Networks,22
643735,1719,Neural_Networks,21
643777,1720,Neural_Networks,22
644093,1721,Probabilistic_Methods,20
644334,1722,Probabilistic_Methods,15
644361,1723,Probabilistic_Methods,17
644363,1724,Probabilistic_Methods,20
644427,1725,Probabilistic_Methods,27
644441,1726,Probabilistic_Methods,16
644448,1727,Probabilistic_Methods,15
644470,1728,Probabilistic_Methods,20
644494,1729,Probabilistic_Methods,18
644577,1730,Probabilistic_Methods,21
644843,1731,Probabilistic_Methods,11
645016,1732,Probabilistic_Methods,15
645046,1733,Probabilistic_Methods,9
645084,1734,Probabilistic_Methods,24
645088,1735,Probabilistic_Methods,18
645452,1736,Probabilistic_Methods,19
645571,1737,Probabilistic_Methods,18
645870,1738,Probabilistic_Methods,22
645897,1739,Probabilistic_Methods,23
646195,1740,Probabilistic_Methods,6
646286,1741,Probabilistic_Methods,16
646289,1742,Probabilistic_Methods,22
646334,1743,Probabilistic_Methods,24
646357,1744,Probabilistic_Methods,21
646412,1745,Probabilistic_Methods,21
646440,1746,Probabilistic_Methods,19
646809,1747,Genetic_Algorithms,24
646836,1748,Genetic_Algorithms,25
646837,1749,Genetic_Algorithms,20
646900,1750,Genetic_Algorithms,18
646913,1751,Genetic_Algorithms,5
647315,1752,Genetic_Algorithms,16
647408,1753,Genetic_Algorithms,21
647413,1754,Genetic_Algorithms,22
647447,1755,Genetic_Algorithms,21
648106,1756,Neural_Networks,24
648112,1757,Neural_Networks,21
648121,1758,Neural_Networks,10
648232,1759,Neural_Networks,17
648369,1760,Neural_Networks,4
649730,1761,Neural_Networks,24
649731,1762,Neural_Networks,20
649739,1763,Neural_Networks,16
649944,1764,Rule_Learning,23
650807,1765,Genetic_Algorithms,16
650814,1766,Genetic_Algorithms,5
650834,1767,Genetic_Algorithms,22
653441,1768,Probabilistic_Methods,22
653628,1769,Rule_Learning,21
654177,1770,Case_Based,18
654326,1771,Genetic_Algorithms,18
654339,1772,Genetic_Algorithms,17
654519,1773,Genetic_Algorithms,17
656048,1774,Case_Based,20
656231,1775,Case_Based,17
662250,1776,Neural_Networks,19
662279,1777,Neural_Networks,22
662416,1778,Probabilistic_Methods,20
662572,1779,Neural_Networks,25
671052,1780,Neural_Networks,13
671269,1781,Neural_Networks,22
671293,1782,Probabilistic_Methods,21
672064,1783,Neural_Networks,26
672070,1784,Neural_Networks,25
672071,1785,Neural_Networks,20
675649,1786,Neural_Networks,21
675756,1787,Neural_Networks,20
675847,1788,Neural_Networks,23
682508,1789,Probabilistic_Methods,15
682666,1790,Reinforcement_Learning,18
682815,1791,Genetic_Algorithms,16
683294,1792,Probabilistic_Methods,20
683355,1793,Probabilistic_Methods,24
683360,1794,Probabilistic_Methods,18
683404,1795,Probabilistic_Methods,5
684372,1796,Neural_Networks,5
684531,1797,Neural_Networks,7
684972,1798,Probabilistic_Methods,19
684986,1799,Neural_Networks,3
686015,1800,Neural_Networks,22
686030,1801,Neural_Networks,19
686061,1802,Theory,22
686532,1803,Neural_Networks,22
686559,1804,Neural_Networks,19
687401,1805,Neural_Networks,19
688361,1806,Neural_Networks,19
688824,1807,Neural_Networks,21
688849,1808,Neural_Networks,23
689152,1809,Neural_Networks,14
689439,1810,Rule_Learning,21
693143,1811,Theory,2
694759,1812,Genetic_Algorithms,19
695284,1813,Theory,18
696342,1814,Neural_Networks,20
696343,1815,Neural_Networks,22
696345,1816,Neural_Networks,24
696346,1817,Neural_Networks,21
703953,1818,Probabilistic_Methods,7
708945,1819,Neural_Networks,17
709113,1820,Rule_Learning,19
709518,1821,Neural_Networks,21
711527,1822,Theory,16
711598,1823,Theory,21
711994,1824,Neural_Networks,19
714208,1825,Probabilistic_Methods,19
714256,1826,Probabilistic_Methods,19
714260,1827,Probabilistic_Methods,26
714289,1828,Probabilistic_Methods,19
714748,1829,Probabilistic_Methods,24
714879,1830,Probabilistic_Methods,17
714975,1831,Probabilistic_Methods,21
733167,1832,Neural_Networks,22
733534,1833,Neural_Networks,20
733576,1834,Neural_Networks,18
734406,1835,Neural_Networks,6
735303,1836,Genetic_Algorithms,24
735311,1837,Neural_Networks,19
737204,1838,Neural_Networks,18
738941,1839,Neural_Networks,23
739280,1840,Neural_Networks,19
739707,1841,Neural_Networks,23
739816,1842,Neural_Networks,23
746058,1843,Neural_Networks,19
751408,1844,Neural_Networks,20
752684,1845,Neural_Networks,26
753047,1846,Theory,16
753070,1847,Theory,25
753264,1848,Theory,4
753265,1849,Neural_Networks,22
754594,1850,Neural_Networks,18
755082,1851,Probabilistic_Methods,20
755217,1852,Reinforcement_Learning,21
756061,1853,Neural_Networks,21
762980,1854,Neural_Networks,13
763009,1855,Neural_Networks,21
763010,1856,Neural_Networks,22
763181,1857,Neural_Networks,14
767763,1858,Theory,24
779960,1859,Neural_Networks,18
782486,1860,Neural_Networks,21
785678,1861,Genetic_Algorithms,21
787016,1862,Genetic_Algorithms,15
801170,1863,Genetic_Algorithms,19
814836,1864,Rule_Learning,20
815073,1865,Neural_Networks,24
815096,1866,Neural_Networks,8
817774,1867,Neural_Networks,19
820661,1868,Neural_Networks,17
820662,1869,Theory,16
824245,1870,Neural_Networks,20
851968,1871,Neural_Networks,20
853114,1872,Neural_Networks,19
853115,1873,Neural_Networks,19
853116,1874,Neural_Networks,19
853118,1875,Neural_Networks,23
853150,1876,Neural_Networks,21
853155,1877,Neural_Networks,24
854434,1878,Neural_Networks,9
884094,1879,Probabilistic_Methods,12
892139,1880,Reinforcement_Learning,19
899085,1881,Rule_Learning,5
899119,1882,Rule_Learning,20
907845,1883,Neural_Networks,4
911198,1884,Neural_Networks,13
917493,1885,Neural_Networks,19
919885,1886,Neural_Networks,13
928873,1887,Neural_Networks,19
943087,1888,Theory,18
948147,1889,Neural_Networks,15
948299,1890,Neural_Networks,19
948846,1891,Neural_Networks,17
949217,1892,Neural_Networks,22
949318,1893,Neural_Networks,20
949511,1894,Neural_Networks,15
950052,1895,Neural_Networks,16
950305,1896,Neural_Networks,18
950986,1897,Neural_Networks,6
954315,1898,Rule_Learning,19
964248,1899,Probabilistic_Methods,24
975567,1900,Genetic_Algorithms,16
976284,1901,Theory,22
976334,1902,Reinforcement_Learning,19
987188,1903,Neural_Networks,14
987197,1904,Theory,22
989397,1905,Theory,15
990075,1906,Case_Based,17
1000012,1907,Rule_Learning,6
1022969,1908,Case_Based,20
1031453,1909,Neural_Networks,22
1050679,1910,Genetic_Algorithms,17
1059953,1911,Theory,21
1061127,1912,Rule_Learning,17
1063773,1913,Neural_Networks,24
1071981,1914,Reinforcement_Learning,15
1095507,1915,Probabilistic_Methods,19
1102364,1916,Probabilistic_Methods,22
1102400,1917,Theory,18
1102407,1918,Neural_Networks,5
1102442,1919,Theory,24
1102548,1920,Case_Based,19
1102550,1921,Genetic_Algorithms,19
1102567,1922,Case_Based,22
1102625,1923,Case_Based,23
1102646,1924,Neural_Networks,21
1102751,1925,Theory,25
1102761,1926,Case_Based,16
1102794,1927,Rule_Learning,19
1102850,1928,Neural_Networks,6
1102873,1929,Neural_Networks,25
1103016,1930,Neural_Networks,4
1103031,1931,Probabilistic_Methods,23
1103038,1932,Case_Based,23
1103162,1933,Reinforcement_Learning,18
1103315,1934,Reinforcement_Learning,23
1103383,1935,Genetic_Algorithms,22
1103394,1936,Case_Based,22
1103499,1937,Probabilistic_Methods,5
1103610,1938,Theory,19
1103676,1939,Neural_Networks,5
1103737,1940,Theory,19
1103960,1941,Genetic_Algorithms,20
1103969,1942,Probabilistic_Methods,21
1103979,1943,Neural_Networks,17
1103985,1944,Genetic_Algorithms,23
1104007,1945,Theory,19
1104031,1946,Case_Based,21
1104055,1947,Theory,20
1104182,1948,Reinforcement_Learning,22
1104191,1949,Neural_Networks,20
1104258,1950,Neural_Networks,20
1104261,1951,Theory,17
1104300,1952,Probabilistic_Methods,14
1104379,1953,Neural_Networks,16
1104435,1954,Probabilistic_Methods,17
1104449,1955,Neural_Networks,20
1104495,1956,Neural_Networks,20
1104647,1957,Genetic_Algorithms,19
1104749,1958,Genetic_Algorithms,20
1104769,1959,Probabilistic_Methods,5
1104787,1960,Neural_Networks,27
1104809,1961,Neural_Networks,22
1104851,1962,Theory,19
1104946,1963,Theory,17
1104999,1964,Genetic_Algorithms,21
1105011,1965,Probabilistic_Methods,18
1105033,1966,Reinforcement_Learning,13
1105062,1967,Reinforcement_Learning,25
1105116,1968,Probabilistic_Methods,20
1105148,1969,Reinforcement_Learning,17
1105221,1970,Genetic_Algorithms,18
1105231,1971,Genetic_Algorithms,15
1105344,1972,Neural_Networks,21
1105360,1973,Rule_Learning,25
1105394,1974,Reinforcement_Learning,16
1105428,1975,Rule_Learning,14
1105433,1976,Probabilistic_Methods,22
1105450,1977,Theory,23
1105505,1978,Neural_Networks,24
1105530,1979,Neural_Networks,4
1105531,1980,Probabilistic_Methods,22
1105574,1981,Neural_Networks,21
1105603,1982,Neural_Networks,20
1105622,1983,Neural_Networks,21
1105672,1984,Neural_Networks,25
1105698,1985,Probabilistic_Methods,22
1105718,1986,Neural_Networks,21
1105764,1987,Reinforcement_Learning,20
1105810,1988,Case_Based,19
1105877,1989,Probabilistic_Methods,13
1105887,1990,Rule_Learning,22
1105932,1991,Rule_Learning,18
1106052,1992,Case_Based,21
1106103,1993,Case_Based,23
1106112,1994,Reinforcement_Learning,17
1106172,1995,Reinforcement_Learning,19
1106236,1996,Case_Based,26
1106287,1997,Neural_Networks,6
1106298,1998,Theory,19
1106330,1999,Case_Based,15
1106370,2000,Neural_Networks,24
1106388,2001,Rule_Learning,17
1106401,2002,Theory,10
1106406,2003,Reinforcement_Learning,8
1106418,2004,Theory,24
1106492,2005,Rule_Learning,17
1106546,2006,Probabilistic_Methods,20
1106547,2007,Reinforcement_Learning,5
1106568,2008,Neural_Networks,18
1106630,2009,Neural_Networks,21
1106671,2010,Neural_Networks,15
1106764,2011,Rule_Learning,24
1106771,2012,Neural_Networks,22
1106789,2013,Probabilistic_Methods,16
1106849,2014,Neural_Networks,21
1106854,2015,Neural_Networks,21
1106966,2016,Reinforcement_Learning,18
1107010,2017,Case_Based,15
1107041,2018,Case_Based,21
1107062,2019,Genetic_Algorithms,20
1107067,2020,Case_Based,19
1107095,2021,Rule_Learning,4
1107136,2022,Genetic_Algorithms,21
1107140,2023,Theory,24
1107171,2024,Case_Based,8
1107215,2025,Case_Based,23
1107312,2026,Reinforcement_Learning,21
1107319,2027,Theory,2
1107325,2028,Case_Based,25
1107355,2029,Reinforcement_Learning,15
1107367,2030,Case_Based,22
1107385,2031,Neural_Networks,22
1107418,2032,Genetic_Algorithms,20
1107455,2033,Reinforcement_Learning,5
1107558,2034,Probabilistic_Methods,20
1107567,2035,Theory,19
1107572,2036,Theory,20
1107674,2037,Genetic_Algorithms,17
1107728,2038,Neural_Networks,19
1107808,2039,Neural_Networks,5
1107861,2040,Theory,21
1108050,2041,Neural_Networks,21
1108167,2042,Theory,19
1108169,2043,Neural_Networks,17
1108175,2044,Neural_Networks,23
1108209,2045,Genetic_Algorithms,9
1108258,2046,Case_Based,15
1108267,2047,Case_Based,17
1108329,2048,Case_Based,12
1108363,2049,Case_Based,20
1108389,2050,Probabilistic_Methods,20
1108551,2051,Theory,4
1108570,2052,Theory,22
1108597,2053,Case_Based,17
1108656,2054,Case_Based,4
1108728,2055,Rule_Learning,23
1108834,2056,Neural_Networks,5
1108841,2057,Neural_Networks,20
1109017,2058,Genetic_Algorithms,16
1109185,2059,Neural_Networks,23
1109199,2060,Genetic_Algorithms,19
1109208,2061,Genetic_Algorithms,18
1109392,2062,Neural_Networks,22
1109439,2063,Neural_Networks,18
1109542,2064,Probabilistic_Methods,24
1109566,2065,Theory,20
1109581,2066,Probabilistic_Methods,24
1109830,2067,Neural_Networks,20
1109873,2068,Neural_Networks,18
1109891,2069,Neural_Networks,13
1109957,2070,Reinforcement_Learning,4
1110000,2071,Probabilistic_Methods,8
1110024,2072,Case_Based,19
1110028,2073,Theory,14
1110209,2074,Probabilistic_Methods,18
1110256,2075,Theory,20
1110390,2076,Case_Based,6
1110426,2077,Rule_Learning,5
1110438,2078,Neural_Networks,24
1110494,2079,Neural_Networks,19
1110515,2080,Genetic_Algorithms,18
1110520,2081,Neural_Networks,18
1110531,2082,Case_Based,19
1110546,2083,Genetic_Algorithms,5
1110563,2084,Neural_Networks,23
1110579,2085,Case_Based,14
1110628,2086,Probabilistic_Methods,16
1110768,2087,Neural_Networks,6
1110947,2088,Case_Based,23
1110950,2089,Case_Based,16
1110998,2090,Neural_Networks,19
1111052,2091,Reinforcement_Learning,18
1111186,2092,Neural_Networks,6
1111230,2093,Reinforcement_Learning,16
1111240,2094,Neural_Networks,12
1111265,2095,Neural_Networks,19
1111304,2096,Reinforcement_Learning,6
1111614,2097,Case_Based,4
1111733,2098,Neural_Networks,18
1111788,2099,Theory,17
1111899,2100,Case_Based,18
1111978,2101,Probabilistic_Methods,26
1112026,2102,Neural_Networks,5
1112071,2103,Probabilistic_Methods,24
1112075,2104,Neural_Networks,16
1112099,2105,Theory,6
1112106,2106,Neural_Networks,4
1112194,2107,Neural_Networks,23
1112319,2108,Theory,17
1112369,2109,Neural_Networks,19
1112417,2110,Probabilistic_Methods,15
1112426,2111,Neural_Networks,21
1112574,2112,Theory,23
1112650,2113,Probabilistic_Methods,23
1112665,2114,Neural_Networks,19
1112686,2115,Probabilistic_Methods,21
1112723,2116,Neural_Networks,17
1112767,2117,Neural_Networks,23
1112911,2118,Genetic_Algorithms,6
1112929,2119,Neural_Networks,19
1113035,2120,Neural_Networks,6
1113084,2121,Neural_Networks,4
1113182,2122,Reinforcement_Learning,18
1113438,2123,Genetic_Algorithms,17
1113459,2124,Reinforcement_Learning,19
1113534,2125,Neural_Networks,21
1113541,2126,Neural_Networks,20
1113551,2127,Case_Based,16
1113614,2128,Reinforcement_Learning,4
1113739,2129,Reinforcement_Learning,24
1113742,2130,Genetic_Algorithms,21
1113828,2131,Neural_Networks,24
1113831,2132,Genetic_Algorithms,20
1113852,2133,Theory,19
1113926,2134,Neural_Networks,18
1113934,2135,Case_Based,11
1113995,2136,Neural_Networks,19
1114118,2137,Neural_Networks,11
1114125,2138,Reinforcement_Learning,21
1114153,2139,Neural_Networks,17
1114184,2140,Neural_Networks,22
1114192,2141,Neural_Networks,2
1114222,2142,Probabilistic_Methods,16
1114239,2143,Genetic_Algorithms,19
1114331,2144,Genetic_Algorithms,18
1114336,2145,Case_Based,19
1114352,2146,Neural_Networks,20
1114364,2147,Neural_Networks,21
1114388,2148,Theory,5
1114398,2149,Neural_Networks,21
1114442,2150,Genetic_Algorithms,22
1114502,2151,Genetic_Algorithms,20
1114512,2152,Rule_Learning,24
1114526,2153,Theory,23
1114605,2154,Neural_Networks,20
1114629,2155,Reinforcement_Learning,3
1114664,2156,Case_Based,9
1114777,2157,Case_Based,24
1114838,2158,Theory,14
1114864,2159,Case_Based,24
1114992,2160,Neural_Networks,20
1115166,2161,Case_Based,16
1115291,2162,Probabilistic_Methods,19
1115375,2163,Neural_Networks,17
1115456,2164,Neural_Networks,17
1115471,2165,Rule_Learning,24
1115670,2166,Rule_Learning,17
1115677,2167,Neural_Networks,21
1115701,2168,Probabilistic_Methods,20
1115790,2169,Neural_Networks,2
1115886,2170,Reinforcement_Learning,22
1115959,2171,Neural_Networks,21
1116044,2172,Probabilistic_Methods,6
1116146,2173,Case_Based,18
1116181,2174,Theory,22
1116268,2175,Theory,23
1116328,2176,Neural_Networks,21
1116336,2177,Probabilistic_Methods,19
1116347,2178,Reinforcement_Learning,16
1116397,2179,Case_Based,16
1116410,2180,Case_Based,21
1116530,2181,Probabilistic_Methods,19
1116569,2182,Neural_Networks,19
1116594,2183,Neural_Networks,18
1116629,2184,Neural_Networks,20
1116835,2185,Neural_Networks,18
1116839,2186,Case_Based,9
1116842,2187,Theory,18
1116922,2188,Rule_Learning,19
1116974,2189,Neural_Networks,6
1117049,2190,Genetic_Algorithms,23
1117089,2191,Reinforcement_Learning,21
1117184,2192,Case_Based,17
1117219,2193,Neural_Networks,24
1117249,2194,Theory,3
1117348,2195,Neural_Networks,23
1117476,2196,Genetic_Algorithms,21
1117501,2197,Neural_Networks,24
1117618,2198,Theory,5
1117653,2199,Neural_Networks,23
1117760,2200,Reinforcement_Learning,22
1117786,2201,Rule_Learning,20
1117833,2202,Case_Based,26
1117920,2203,Probabilistic_Methods,25
1117942,2204,Reinforcement_Learning,18
1118017,2205,Neural_Networks,5
1118083,2206,Neural_Networks,19
1118092,2207,Reinforcement_Learning,21
1118120,2208,Neural_Networks,22
1118209,2209,Theory,22
1118245,2210,Reinforcement_Learning,25
1118286,2211,Rule_Learning,18
1118302,2212,Rule_Learning,7
1118332,2213,Neural_Networks,21
1118347,2214,Neural_Networks,21
1118388,2215,Case_Based,6
1118546,2216,Probabilistic_Methods,18
1118658,2217,Theory,24
1118764,2218,Theory,21
1118823,2219,Theory,4
1118848,2220,Neural_Networks,17
1119004,2221,Neural_Networks,26
1119078,2222,Theory,3
1119140,2223,Neural_Networks,17
1119178,2224,Case_Based,6
1119180,2225,Case_Based,10
1119211,2226,Neural_Networks,23
1119216,2227,Probabilistic_Methods,5
1119295,2228,Rule_Learning,25
1119471,2229,Theory,17
1119505,2230,Genetic_Algorithms,17
1119623,2231,Probabilistic_Methods,23
1119654,2232,Case_Based,20
1119671,2233,Neural_Networks,25
1119708,2234,Genetic_Algorithms,17
1119742,2235,Probabilistic_Methods,20
1119751,2236,Theory,20
1119987,2237,Case_Based,5
1120019,2238,Neural_Networks,22
1120020,2239,Reinforcement_Learning,20
1120049,2240,Neural_Networks,17
1120059,2241,Neural_Networks,19
1120084,2242,Neural_Networks,21
1120138,2243,Neural_Networks,22
1120169,2244,Theory,22
1120170,2245,Reinforcement_Learning,4
1120197,2246,Neural_Networks,22
1120211,2247,Neural_Networks,18
1120252,2248,Probabilistic_Methods,24
1120431,2249,Neural_Networks,10
1120444,2250,Case_Based,19
1120563,2251,Case_Based,17
1120643,2252,Genetic_Algorithms,16
1120650,2253,Rule_Learning,24
1120713,2254,Case_Based,18
1120731,2255,Reinforcement_Learning,5
1120777,2256,Neural_Networks,4
1120786,2257,Neural_Networks,23
1120858,2258,Neural_Networks,18
1120866,2259,Neural_Networks,19
1120880,2260,Neural_Networks,17
1120962,2261,Neural_Networks,23
1121057,2262,Case_Based,20
1121063,2263,Theory,17
1121176,2264,Case_Based,14
1121254,2265,Probabilistic_Methods,19
1121313,2266,Case_Based,4
1121398,2267,Genetic_Algorithms,15
1121459,2268,Case_Based,23
1121537,2269,Theory,16
1121569,2270,Neural_Networks,18
1121603,2271,Neural_Networks,5
1121659,2272,Probabilistic_Methods,15
1121739,2273,Reinforcement_Learning,19
1121867,2274,Theory,5
1122304,2275,Neural_Networks,21
1122425,2276,Reinforcement_Learning,17
1122460,2277,Neural_Networks,6
1122574,2278,Neural_Networks,21
1122580,2279,Theory,17
1122642,2280,Neural_Networks,17
1122704,2281,Neural_Networks,22
1123068,2282,Probabilistic_Methods,8
1123087,2283,Neural_Networks,17
1123093,2284,Rule_Learning,17
1123188,2285,Neural_Networks,20
1123215,2286,Theory,6
1123239,2287,Neural_Networks,22
1123493,2288,Theory,20
1123530,2289,Genetic_Algorithms,2
1123553,2290,Reinforcement_Learning,16
1123576,2291,Neural_Networks,18
1123689,2292,Probabilistic_Methods,24
1123756,2293,Genetic_Algorithms,21
1123867,2294,Theory,21
1123926,2295,Theory,18
1123991,2296,Probabilistic_Methods,6
1124837,2297,Probabilistic_Methods,7
1124844,2298,Neural_Networks,22
1125082,2299,Genetic_Algorithms,20
1125092,2300,Reinforcement_Learning,16
1125258,2301,Neural_Networks,21
1125386,2302,Theory,24
1125393,2303,Case_Based,18
1125402,2304,Probabilistic_Methods,23
1125467,2305,Probabilistic_Methods,22
1125469,2306,Probabilistic_Methods,22
1125492,2307,Genetic_Algorithms,16
1125597,2308,Genetic_Algorithms,16
1125895,2309,Reinforcement_Learning,10
1125906,2310,Probabilistic_Methods,24
1125909,2311,Probabilistic_Methods,13
1125944,2312,Case_Based,24
1125953,2313,Rule_Learning,22
1125992,2314,Case_Based,18
1125993,2315,Case_Based,21
1126011,2316,Probabilistic_Methods,24
1126012,2317,Probabilistic_Methods,22
1126029,2318,Reinforcement_Learning,19
1126037,2319,Neural_Networks,22
1126044,2320,Neural_Networks,22
1126050,2321,Reinforcement_Learning,13
1126315,2322,Neural_Networks,5
1126350,2323,Theory,20
1126503,2324,Case_Based,9
1127430,2325,Genetic_Algorithms,18
1127530,2326,Probabilistic_Methods,13
1127541,2327,Neural_Networks,21
1127551,2328,Probabilistic_Methods,23
1127558,2329,Probabilistic_Methods,16
1127566,2330,Probabilistic_Methods,7
1127619,2331,Rule_Learning,19
1127657,2332,Theory,18
1127810,2333,Neural_Networks,25
1127812,2334,Neural_Networks,10
1127851,2335,Rule_Learning,21
1127863,2336,Rule_Learning,24
1127913,2337,Genetic_Algorithms,21
1128151,2338,Genetic_Algorithms,24
1128198,2339,Genetic_Algorithms,22
1128201,2340,Genetic_Algorithms,22
1128204,2341,Genetic_Algorithms,4
1128208,2342,Genetic_Algorithms,22
1128227,2343,Genetic_Algorithms,22
1128256,2344,Theory,20
1128267,2345,Reinforcement_Learning,18
1128291,2346,Genetic_Algorithms,20
1128314,2347,Genetic_Algorithms,17
1128319,2348,Genetic_Algorithms,21
1128369,2349,Genetic_Algorithms,22
1128407,2350,Case_Based,18
1128425,2351,Neural_Networks,5
1128430,2352,Case_Based,23
1128437,2353,Theory,16
1128453,2354,Genetic_Algorithms,18
1128531,2355,Rule_Learning,19
1128536,2356,Theory,9
1128542,2357,Neural_Networks,17
1128839,2358,Neural_Networks,17
1128846,2359,Neural_Networks,19
1128853,2360,Rule_Learning,21
1128856,2361,Rule_Learning,19
1128868,2362,Neural_Networks,20
1128881,2363,Rule_Learning,22
1128927,2364,Rule_Learning,22
1128935,2365,Rule_Learning,20
1128943,2366,Genetic_Algorithms,25
1128945,2367,Genetic_Algorithms,20
1128946,2368,Genetic_Algorithms,20
1128959,2369,Genetic_Algorithms,21
1128974,2370,Genetic_Algorithms,20
1128975,2371,Genetic_Algorithms,19
1128977,2372,Genetic_Algorithms,22
1128978,2373,Genetic_Algorithms,21
1128982,2374,Genetic_Algorithms,22
1128985,2375,Genetic_Algorithms,23
1128990,2376,Genetic_Algorithms,20
1128997,2377,Genetic_Algorithms,19
1129015,2378,Genetic_Algorithms,22
1129018,2379,Genetic_Algorithms,24
1129021,2380,Genetic_Algorithms,21
1129027,2381,Genetic_Algorithms,22
1129040,2382,Genetic_Algorithms,23
1129096,2383,Reinforcement_Learning,24
1129106,2384,Case_Based,6
1129111,2385,Neural_Networks,16
1129208,2386,Theory,18
1129243,2387,Reinforcement_Learning,4
1129367,2388,Genetic_Algorithms,7
1129368,2389,Genetic_Algorithms,6
1129369,2390,Genetic_Algorithms,15
1129442,2391,Neural_Networks,22
1129443,2392,Neural_Networks,17
1129494,2393,Neural_Networks,4
1129518,2394,Probabilistic_Methods,21
1129570,2395,Genetic_Algorithms,21
1129572,2396,Neural_Networks,25
1129573,2397,Genetic_Algorithms,22
1129608,2398,Neural_Networks,19
1129610,2399,Genetic_Algorithms,22
1129621,2400,Neural_Networks,4
1129629,2401,Genetic_Algorithms,20
1129683,2402,Genetic_Algorithms,19
1129778,2403,Genetic_Algorithms,17
1129798,2404,Genetic_Algorithms,19
1129835,2405,Rule_Learning,26
1129907,2406,Probabilistic_Methods,19
1129994,2407,Probabilistic_Methods,21
1130069,2408,Neural_Networks,17
1130080,2409,Neural_Networks,17
1130243,2410,Probabilistic_Methods,21
1130356,2411,Theory,22
1130454,2412,Probabilistic_Methods,17
1130539,2413,Case_Based,23
1130567,2414,Reinforcement_Learning,20
1130568,2415,Neural_Networks,20
1130586,2416,Neural_Networks,4
1130600,2417,Reinforcement_Learning,24
1130634,2418,Neural_Networks,3
1130637,2419,Case_Based,23
1130653,2420,Case_Based,20
1130657,2421,Case_Based,18
1130676,2422,Neural_Networks,18
1130678,2423,Neural_Networks,17
1130680,2424,Neural_Networks,24
1130780,2425,Probabilistic_Methods,21
1130808,2426,Neural_Networks,20
1130847,2427,Genetic_Algorithms,22
1130856,2428,Genetic_Algorithms,20
1130915,2429,Neural_Networks,24
1130927,2430,Neural_Networks,5
1130929,2431,Neural_Networks,21
1130931,2432,Neural_Networks,20
1130934,2433,Neural_Networks,19
1131116,2434,Genetic_Algorithms,8
1131137,2435,Probabilistic_Methods,22
1131149,2436,Neural_Networks,18
1131150,2437,Neural_Networks,19
1131163,2438,Neural_Networks,4
1131164,2439,Probabilistic_Methods,24
1131165,2440,Probabilistic_Methods,19
1131167,2441,Probabilistic_Methods,20
1131172,2442,Probabilistic_Methods,20
1131180,2443,Probabilistic_Methods,23
1131184,2444,Neural_Networks,22
1131189,2445,Probabilistic_Methods,6
1131192,2446,Probabilistic_Methods,24
1131195,2447,Neural_Networks,16
1131198,2448,Genetic_Algorithms,23
1131223,2449,Probabilistic_Methods,14
1131230,2450,Probabilistic_Methods,22
1131236,2451,Probabilistic_Methods,25
1131257,2452,Probabilistic_Methods,20
1131258,2453,Probabilistic_Methods,22
1131266,2454,Probabilistic_Methods,7
1131267,2455,Probabilistic_Methods,21
1131270,2456,Probabilistic_Methods,24
1131274,2457,Probabilistic_Methods,21
1131277,2458,Probabilistic_Methods,15
1131300,2459,Probabilistic_Methods,19
1131301,2460,Probabilistic_Methods,23
1131305,2461,Probabilistic_Methods,22
1131312,2462,Probabilistic_Methods,21
1131314,2463,Probabilistic_Methods,26
1131330,2464,Probabilistic_Methods,21
1131334,2465,Probabilistic_Methods,5
1131335,2466,Probabilistic_Methods,23
1131345,2467,Neural_Networks,6
1131348,2468,Neural_Networks,19
1131359,2469,Genetic_Algorithms,23
1131360,2470,Genetic_Algorithms,19
1131374,2471,Genetic_Algorithms,20
1131414,2472,Neural_Networks,6
1131420,2473,Neural_Networks,21
1131421,2474,Neural_Networks,20
1131464,2475,Neural_Networks,21
1131466,2476,Probabilistic_Methods,19
1131471,2477,Case_Based,24
1131549,2478,Genetic_Algorithms,21
1131550,2479,Genetic_Algorithms,22
1131557,2480,Genetic_Algorithms,24
1131565,2481,Neural_Networks,21
1131607,2482,Probabilistic_Methods,8
1131611,2483,Theory,24
1131634,2484,Neural_Networks,20
1131639,2485,Neural_Networks,16
1131647,2486,Neural_Networks,22
1131719,2487,Rule_Learning,20
1131728,2488,Case_Based,21
1131734,2489,Genetic_Algorithms,18
1131741,2490,Genetic_Algorithms,23
1131745,2491,Neural_Networks,5
1131748,2492,Neural_Networks,19
1131752,2493,Genetic_Algorithms,6
1131754,2494,Genetic_Algorithms,22
1131828,2495,Case_Based,25
1132073,2496,Neural_Networks,22
1132083,2497,Neural_Networks,17
1132157,2498,Probabilistic_Methods,17
1132285,2499,Theory,18
1132385,2500,Theory,19
1132406,2501,Neural_Networks,19
1132416,2502,Neural_Networks,22
1132418,2503,Neural_Networks,15
1132434,2504,Neural_Networks,21
1132443,2505,Neural_Networks,22
1132459,2506,Neural_Networks,23
1132461,2507,Neural_Networks,17
1132486,2508,Neural_Networks,18
1132505,2509,Neural_Networks,4
1132706,2510,Case_Based,17
1132731,2511,Genetic_Algorithms,22
1132809,2512,Rule_Learning,19
1132815,2513,Neural_Networks,6
1132857,2514,Probabilistic_Methods,24
1132864,2515,Probabilistic_Methods,25
1132887,2516,Probabilistic_Methods,21
1132922,2517,Neural_Networks,19
1132948,2518,Neural_Networks,23
1132968,2519,Neural_Networks,16
1133004,2520,Neural_Networks,24
1133008,2521,Neural_Networks,16
1133010,2522,Probabilistic_Methods,23
1133028,2523,Theory,20
1133047,2524,Genetic_Algorithms,22
1133196,2525,Genetic_Algorithms,21
1133338,2526,Genetic_Algorithms,2
1133390,2527,Theory,3
1133417,2528,Probabilistic_Methods,23
1133428,2529,Neural_Networks,8
1133469,2530,Reinforcement_Learning,5
1133846,2531,Neural_Networks,19
1133930,2532,Rule_Learning,17
1134022,2533,Genetic_Algorithms,21
1134031,2534,Rule_Learning,18
1134056,2535,Neural_Networks,5
1134197,2536,Neural_Networks,19
1134320,2537,Probabilistic_Methods,17
1134346,2538,Probabilistic_Methods,6
1134348,2539,Probabilistic_Methods,5
1134865,2540,Genetic_Algorithms,23
1135082,2541,Neural_Networks,23
1135108,2542,Probabilistic_Methods,22
1135115,2543,Neural_Networks,21
1135122,2544,Neural_Networks,18
1135125,2545,Neural_Networks,23
1135137,2546,Neural_Networks,19
1135345,2547,Neural_Networks,21
1135358,2548,Theory,22
1135368,2549,Neural_Networks,17
1135455,2550,Neural_Networks,7
1135589,2551,Neural_Networks,19
1135746,2552,Theory,21
1135750,2553,Neural_Networks,20
1135894,2554,Neural_Networks,18
1135899,2555,Neural_Networks,20
1135955,2556,Neural_Networks,24
1136040,2557,Neural_Networks,21
1136110,2558,Neural_Networks,22
1136310,2559,Probabilistic_Methods,23
1136342,2560,Genetic_Algorithms,23
1136393,2561,Neural_Networks,23
1136397,2562,Neural_Networks,24
1136422,2563,Neural_Networks,20
1136442,2564,Neural_Networks,23
1136446,2565,Neural_Networks,7
1136447,2566,Neural_Networks,17
1136449,2567,Neural_Networks,23
1136631,2568,Theory,8
1136634,2569,Theory,22
1136791,2570,Genetic_Algorithms,23
1136814,2571,Genetic_Algorithms,21
1137140,2572,Neural_Networks,2
1137466,2573,Genetic_Algorithms,21
1138027,2574,Case_Based,4
1138043,2575,Theory,11
1138091,2576,Case_Based,20
1138619,2577,Rule_Learning,5
1138755,2578,Neural_Networks,17
1138968,2579,Genetic_Algorithms,20
1138970,2580,Theory,21
1139009,2581,Neural_Networks,17
1139195,2582,Case_Based,19
1139928,2583,Theory,25
1140040,2584,Neural_Networks,23
1140230,2585,Neural_Networks,20
1140231,2586,Neural_Networks,20
1140289,2587,Neural_Networks,21
1140543,2588,Neural_Networks,19
1140547,2589,Neural_Networks,5
1140548,2590,Neural_Networks,19
1152075,2591,Theory,7
1152143,2592,Theory,19
1152150,2593,Neural_Networks,21
1152162,2594,Neural_Networks,23
1152179,2595,Neural_Networks,19
1152194,2596,Neural_Networks,19
1152244,2597,Case_Based,23
1152259,2598,Probabilistic_Methods,20
1152272,2599,Neural_Networks,18
1152277,2600,Neural_Networks,7
1152290,2601,Theory,21
1152307,2602,Case_Based,15
1152308,2603,Case_Based,19
1152358,2604,Genetic_Algorithms,5
1152379,2605,Theory,21
1152394,2606,Neural_Networks,13
1152421,2607,Genetic_Algorithms,4
1152436,2608,Case_Based,25
1152448,2609,Case_Based,6
1152490,2610,Neural_Networks,28
1152508,2611,Genetic_Algorithms,20
1152564,2612,Case_Based,16
1152569,2613,Genetic_Algorithms,23
1152633,2614,Probabilistic_Methods,15
1152663,2615,Reinforcement_Learning,5
1152673,2616,Neural_Networks,17
1152676,2617,Genetic_Algorithms,15
1152711,2618,Neural_Networks,22
1152714,2619,Neural_Networks,21
1152740,2620,Reinforcement_Learning,25
1152761,2621,Genetic_Algorithms,20
1152821,2622,Neural_Networks,3
1152858,2623,Probabilistic_Methods,21
1152859,2624,Neural_Networks,23
1152896,2625,Case_Based,19
1152904,2626,Neural_Networks,24
1152910,2627,Reinforcement_Learning,24
1152917,2628,Probabilistic_Methods,22
1152944,2629,Reinforcement_Learning,2
1152958,2630,Neural_Networks,23
1152959,2631,Neural_Networks,23
1152975,2632,Case_Based,22
1152991,2633,Probabilistic_Methods,21
1153003,2634,Neural_Networks,19
1153014,2635,Probabilistic_Methods,17
1153024,2636,Probabilistic_Methods,5
1153031,2637,Neural_Networks,21
1153056,2638,Reinforcement_Learning,9
1153064,2639,Theory,4
1153065,2640,Genetic_Algorithms,18
1153091,2641,Rule_Learning,20
1153097,2642,Neural_Networks,20
1153101,2643,Rule_Learning,10
1153106,2644,Neural_Networks,18
1153148,2645,Probabilistic_Methods,21
1153150,2646,Rule_Learning,19
1153160,2647,Theory,3
1153166,2648,Case_Based,23
1153169,2649,Rule_Learning,9
1153183,2650,Theory,20
1153195,2651,Neural_Networks,20
1153254,2652,Rule_Learning,23
1153262,2653,Probabilistic_Methods,22
1153264,2654,Theory,21
1153275,2655,Theory,15
1153280,2656,Genetic_Algorithms,21
1153287,2657,Reinforcement_Learning,19
1153577,2658,Genetic_Algorithms,26
1153703,2659,Case_Based,20
1153724,2660,Case_Based,22
1153728,2661,Case_Based,22
1153736,2662,Theory,17
1153784,2663,Genetic_Algorithms,24
1153786,2664,Probabilistic_Methods,25
1153811,2665,Rule_Learning,18
1153816,2666,Genetic_Algorithms,19
1153853,2667,Genetic_Algorithms,21
1153860,2668,Genetic_Algorithms,6
1153861,2669,Neural_Networks,21
1153866,2670,Rule_Learning,22
1153877,2671,Case_Based,23
1153879,2672,Case_Based,5
1153889,2673,Case_Based,21
1153891,2674,Case_Based,24
1153896,2675,Genetic_Algorithms,18
1153897,2676,Genetic_Algorithms,22
1153899,2677,Genetic_Algorithms,19
1153900,2678,Genetic_Algorithms,20
1153922,2679,Neural_Networks,4
1153933,2680,Neural_Networks,22
1153942,2681,Genetic_Algorithms,16
1153943,2682,Genetic_Algorithms,19
1153945,2683,Genetic_Algorithms,25
1153946,2684,Neural_Networks,21
1154012,2685,Probabilistic_Methods,23
1154042,2686,Neural_Networks,23
1154068,2687,Probabilistic_Methods,8
1154071,2688,Probabilistic_Methods,7
1154074,2689,Neural_Networks,17
1154076,2690,Genetic_Algorithms,17
1154103,2691,Probabilistic_Methods,3
1154123,2692,Neural_Networks,19
1154124,2693,Neural_Networks,22
1154169,2694,Neural_Networks,26
1154173,2695,Probabilistic_Methods,15
1154176,2696,Genetic_Algorithms,7
1154229,2697,Probabilistic_Methods,21
1154230,2698,Probabilistic_Methods,4
1154232,2699,Probabilistic_Methods,6
1154233,2700,Probabilistic_Methods,17
1154251,2701,Neural_Networks,3
1154276,2702,Neural_Networks,15
1154459,2703,Genetic_Algorithms,17
1154500,2704,Case_Based,26
1154520,2705,Neural_Networks,21
1154524,2706,Rule_Learning,18
1154525,2707,Rule_Learning,19
1155073,2708,Rule_Learning,19
